id,full_text,final_sentiment
0,@ARSIPAJA Menjijikan 3x Indonesia sampai punya presiden begini. #IndonesiaGelap #IndonesiaSuram #IndonesiaDarurat #PeringatanDarurat,negatif
1,@ARSIPAJA Macan ompong prajurit cepirit kacung lancung. #AdiliJokowi #IndonesiaGelap #IndonesiaSuram #PeringatanDarurat,negatif
2,Rakyat seolah hanya dibuat permainan dan lelucon oleh pemerintah. #IndonesiaGelap #KaburAjaDulu #AdiliJokowi,negatif
3,Duo Petaka Membawa Bencana #IndonesiaGelap,negatif
4,@krisiparuhbaya Poeeek mangg poeek literally #IndonesiaGelap,negatif
5,Gw twiteran mau liat muts2 gw yang cakep2 ituh yh.. tapi nih Prabubu seekor ada aj gebrakannya. Pusing gw anjenkkkk.. prabubu lh bisa ga sih stopp goblokkkkk #IndonesiaGelap,negatif
6,Dia jd menhan di kabinet lawannya aja sdh aneh. Trus masih pula kalian pilih dia jd presiden. Lebih aneh lg. #Indonesiagelap https://t.co/r3oZX973RG,negatif
7,Oleh karena itu mari kita bersatu dalam Aksi #IndonesiaGelap yang akan dilaksanakan pada: : Senin 17 Februari 2025 ⏰: 08.00 WIB MENANG : Lapangan FISIP UI : Patung Kuda : Jaket kuning Daftarkan dirimu melalui tautan: https://t.co/sBsqHyseDQ,netral
8,Dengan demikian Indonesia Emas 2045 nampaknya hanya angan. Sebab kabinet kegelapan hanya akan menghasilkan #IndonesiaGelap.,negatif
9,[SERUAN AKSI MASSA: #INDONESIAGELAP] Halo FH UI UI dan Indonesia! Seratus hari lebih Kabinet Merah Putih efektif bekerja ternyata sudah menimbulkan terlalu banyak derita. https://t.co/rlHedBzP2q,negatif
10,Prabowo Subianto benar-benar berpihak pada kemajuan pendidikan bukan sekadar melanjutkan drama yang telah berlangsung selama ini. #IndonesiaGelap,positif
11,https://t.co/8eUVTOUqw0 #DaruratPendidikan #IndonesiaGelap cc. BEM Seluruh Indonesia wilayah Jawa Timur BEM Seluruh Indonesia BEM Universitas Airlangga dll.,netral
12,- ⁠Kembalikan Program Kampus Merdeka - ⁠Tolak Revisi UU Minerba #IndonesiaGelap,negatif
13,keputusan yang berisiko karena pada akhirnya bisa menghambat pencapaian tujuan besar negara dalam menciptakan masyarakat yang cerdas terampil dan siap bersaing di tingkat global. #IndonesiaGelap,negatif
14,SERUAN AKSI MASSA: INDONESIA GELAP Halo UI dan Indonesia! Inilah saatnya kita bersuara bersama kita lawan ketidakadilan. Turun ke jalan suarakan hak kita dan kawal kebijakan agar berpihak pada rakyat! BEM se-UI 2024 dan 2025 #IndonesiaGelap #DaruratPendidikan https://t.co/mc3pVL7Ujo,negatif
15,Mau nanya saudara2 sekarang kok banyak anak2 muda nyari KTP ke rumah-rumah warga difoto langsung dikasi duit 20rb ??? #IndonesiaEmas2045 #IndonesiaGelap https://t.co/EMcQn73Lgp,netral
16,Bangsat waktu orang orang lagi susah susah nya PHK dia malah joget waktu anak anak bangsa lagi kecewa anak buah nya malah bilang kalau gak nasionalis bos ini tanah air kita kan #KaburAjaDulu #IndonesiaGelap,negatif
17,@MALAYSIA_JAYA Waah 2014. #IndonesiaGelap,netral
18,Orang-orang itu tidak jahat. Hanya tidak peduli saja. #IndonesiaGelap #kritiksosial,negatif
19,Cie...cie...yang dapat potongan TDL 50% pada girang...tapi ga sadar bayar PDAM naik 150% #IndonesiaGelap,negatif
20,SUDAH MAU KIAMAT MASIH AJA GAK HAFAL PANCASILA Bener2 Dah GELAP INDONESIA Mangkanya Jangan Ada Sedikitpun Di Diri Kita Niat MENGKHIANATI PANCASILA Bisa Jadi PANCASILA nya Sendiri Memang TIDAK RIDHO Dibacakan Oleh Orang2 Yang Didalam Dirinya Ada PENGKHIANATAN #IndonesiaGelap https://t.co/nXacL1Cg8F,negatif
21,Simpel kok kenapa harus banyak banget drama sih #Indonesiadarurat #IndonesiaGelap https://t.co/v41m67fNSD,negatif
22,Bonus demografi itu lebih tepat disebut bencana demografi. Jumlah penduduk yg meledak tp ketersediaan lapangan kerja berkualitas terbatas. Ujungnya orang-orang cuman akan saling makan dan saling tikam dalam sebuah mekanisme pasar yang buas dan tanpa ampun. #IndonesiaGelap https://t.co/WfARj5Zj98,negatif
23,Juz 13 Surah 13 Ayat 11 #KaburAjaDulu #IndonesiaGelap,netral
24,Rasa ingin menghidupkan kembali para pahlawan yg telah gugur tak mampu tiap hari liat kelakuan pejabat cuma mementingkan diri sendiri elit parpol dan oligarki #IndonesiaGelap #KaburAjaDulu #indonesiacemas2025,negatif
25,@CNNIndonesia apa yg diharapin dari para elite politik kita yg mentalnya feodal begini? #indonesiagelap,negatif
26,@BosPurwa Nice tp tetep aja #IndonesiaGelap Masa 5thn full smua mslh hrs viral dulu biar pmrnth mikir??? Bgst,negatif
27,Mana Nasionalismenya?! #IndonesiaGelap #KaburAjaDulu #haisayagambar https://t.co/0v6De5Jgf4,negatif
28,Nasib Warga Kala Tambang Nikel Kuasai Pulau Kabaena https://t.co/D0AuhwoL8Q via @Mongabay #IndonesiaGelap,negatif
29,rumusnya jangan kepancing konflik horizontal fokus ke vertikal. kalo ke horizontal lagi dan lagi yg vertikal kesenengan karena misi mereka berhasil dan tetep aman. #IndonesiaGelap #KaburAjaDulu,negatif
30,@Heraloebss Para Bangsat... #IndonesiaGelap https://t.co/ubuhjXEa23,negatif
31,#JasMerahJasHijau1 faktanya yg Jd pasangan capres-cawapres #AniesMuhaimin #PrabowoGibran #GanjarMahfud next #pilpres2029 siapa figur2 yg disiapkan bangsa ini ? Melaju #IndonesiaEmas atau malah #IndonesiaGelap #KaburAjaDulu #malming #profesionallayaniindonesia #,netral
32,@fktmb Astaghfirullah... Waspada Penjajahan Indochina #jokowiaguanmafiatanah #IndonesiaGelap https://t.co/A32ZXtGjSK,negatif
33,Pegel jg gue liat negara ini anjiiing ada aja gebrakan tololnya hadeh #AdiliJokowi #IndonesiaGelap,negatif
34,https://t.co/VodCzppJmx ALFABET88 Hanya Disini Ada WD Terbesar Ambil Sekarang Jangan Sampai Ketingglan. #SLOTPGAUTO #bulansutenaviral #bulansutena #IndonesiaGelap #slotgacor #SLOTPG #SLOTPGAUTO #PGSOFTWALLET https://t.co/8kVVMHvUlx,netral
35,https://t.co/VodCzppJmx ALFABET88 Penyedia Permainan Mahjong Terbesar Dan Terpercaya Di Indonesia Dan Paling MUdah Sacatter #SLOTPGAUTO #bulansutenaviral #bulansutena #IndonesiaGelap #slotgacor #SLOTPG #SLOTPGAUTO #PGSOFTWALLET https://t.co/CiXsngPKAi,netral
36,https://t.co/N2MY7dY5Ob ALFABET88 Adalah Penyedia Pragmatic Play Gacor Dengan Jaminan Jackpot 100% #SLOTPGAUTO #bulansutenaviral #bulansutena #IndonesiaGelap #slotgacor #SLOTPG #SLOTPGAUTO #PGSOFTWALLET https://t.co/eiRVEgRBTP,netral
37,https://t.co/N2MY7dY5Ob ALFABET88 Agen PG SOFT Paling Gacor Di Indonesia Coba Sekarang Juga Jangan Sampai Ketinggalan #SLOTPGAUTO #bulansutenaviral #bulansutena #IndonesiaGelap #slotgacor #SLOTPG #SLOTPGAUTO #PGSOFTWALLET https://t.co/2EgdulVCMU,netral
38,Bos Pengusaha Kasih Peringatan Siap-Siap Gelombang PHK Pegawai Hotel https://t.co/hyBwER8spz 19 Juta Lapangan Kerja ??? #IndonesiaGelap,negatif
39,@xiaoczhan betull banget kaa aku juga ngerasain perihal ukt di ptkin itu terlalu tinggi ada bbrpa tmnku yg bahkan blm mulai ospek tp langsung mengundurkan diri karena ukt yg tinggi apalagi di kampusku katanya udah gabisa lagi banding ukt bantu mahasiswa ptkin juga guys #IndonesiaGelap,negatif
40,jangan tanya nasionalis ku bung #KaburAjaDulu bukan gertakan... ini gugatan untuk kelen yang menyengsarakan insan-insan cendekiawan... kibarkan panji-panji perjuangan naikan #benderahitam bendera perubahan... #IndonesiaGelap kawan https://t.co/6e8Di2NUTx,negatif
41,Bahkan mantannya founding fathers bangsa ini lebih milih kesejahteraan kucing di sana dari pada status WNI. #IndonesiaGelap #KaburAjaDulu,negatif
42,Its giving sebelum dan setelah pilpres #daruratpendidikan #IndonesiaGelap,netral
43,14 Februari 2024 setahun lalu penyalahgunaan kekuasaan mengukuhkan politik dinasti yang haus kendali. Dari merakyat ke menjaga tahta keluarga. Reformasi mati demokrasi hanya ilusi semata. Happy Valentine esp to my fellow Indonesians #AdiliJokowi #IndonesiaGelap https://t.co/IBSR1S3jBQ,negatif
44,// ternyata dimas ini menggebu-gebu bener bahas politik pemerintahan karakter darimana ini? tercipta sejak kapan? dan gue baru sadar? setelah pelanggar ham dan ipk jarjit naik tahta makin bacot. #IndonesiaGelap #IndonesiaCemas,negatif
45,tidak apa² yg penting #KaburAjaDulu karena negeri ini beserta pejabatnya sdh kayak anjing. #IndonesiaGelap #kaburduluaja #PrabowoSudahGagal #kabinetgemuk,negatif
46,Mending bubar ga sih negara ini? #daruratpendidikan #KaburAjaDulu #darurat #IndonesiaGelap #IndonesiaGelap2025,negatif
47,dari dulu Indonesia ini blm MERDEKA rakyat dibuat agar tetap memberi makan para penjabat. Bnyk bljr sejarah! terutama sejarah yg di antisipasi agar tdk diketahui oleh rakyat. ADA TAU SEJARAH YG DISEMBUNYIKAN NEGARA. YTTA deh #PeringatanDarurat #IndonesiaGelap #daruratpendidikan https://t.co/8Q4o8TuHrD,negatif
48,mempunyai sikap gotong dan solidaritas yang demikian sebagai modal untuk melakukan perlawanan Sekian. Tag #daruratpendidikan #savekipkuliah #PeringatanDarurat #indonesiagelap #KaburAjaDulu,negatif
49,opini pribadi terkait viralnya tagar #kaburajadulu. Baca sampai habis sebelum kita beradu argumentasi sebagai bentuk dialektika kita bersama. Tag : #daruratpendidikan #savekipkuliah #PeringatanDarurat #indonesiagelap #KaburAjaDulu,netral
50,pemerintah demen banget bikin rakyatnya begini kali ya baru bebenah diri. #Indonesiarevisimulu #Indonesiagelap #Daruratpendidikan https://t.co/lbMnR7Is5g,negatif
51,@diraism Turunkan presiden...harus pada gerak semua..#IndonesiaGelap,negatif
52,@ARSIPAJA sama seperti pendahulunya. rumus kebalikan udah paling bener. #IndonesiaGelap,negatif
53,@nindya_annisaa TOLAK PEMANGKASAN DANA PENDIDIKAN ‼️ #daruratpendidikan #savekipkuliah #turunkanuktptn #IndonesiaGelap #IndonesiaCemas,negatif
54,@AirinDatangLagi TOLAK PEMANGKASAN DANA PENDIDIKAN ‼️ #daruratpendidikan #savekipkuliah #turunkanuktptn #IndonesiaGelap,negatif
55,Dampak efisiensi #IndonesiaGelap #KaburAjaDulu #daruratpendidikan #AdiliJokowiMeluas #AdiliJokowi #ValentinesDay *BEASISWA DAN BPI DI PANGKAS* https://t.co/EfzrkOHlmt *BIAYA KULIAH PTN DAN PTS AKAN NAIK* https://t.co/K5R9GXGT4s *ANGGARAN RISET DI KURANGI https://t.co/YrxzzL5T5d,negatif
56,#indonesiagelap karena presidennya @prabowo omon omon doang,negatif
57,saatnya Mahasiswa n Civitas Akademi berembuk untuk membicarakan nasibnya sendiri #IndonesiaGelap #ValentinesDay *BEASISWA DAN BPI DI PANGKAS* https://t.co/k3J7OOGfjJ *BIAYA KULIAH PTN DAN PTS AKAN NAIK* https://t.co/z8lxQIOY4W *ANGGARAN RISET DI KURANGI* https://t.co/yqn5dFFD7w,negatif
58,Siap siap masuk zaman kegelapan pendidikan dan pengetahuan. #KaburAjaDulu #IndonesiaGelap #AdiliJokowiMeluas *BEASISWA DAN BPI DI PANGKAS* https://t.co/yC2fqFmTxF *BIAYA KULIAH PTN DAN PTS AKAN NAIK* https://t.co/JjTbryyi6Z *ANGGARAN RISET DI KURANGI* https://t.co/lGKI2epp1k,negatif
59,jangan sampe salah liat ya guyss #TrendingNow #IndonesiaGelap #IndonesiaCemas2025 #indonesiadarurat #balikinibukotakejakarta https://t.co/ltmIcyyJD2,netral
60,@aarnataw TOLAK PEMANGKASAN DANA PENDIDIKAN ‼️ #daruratpendidikan #savekipkuliah #turunkanuktptn #PeringatanDarurat #IndonesiaGelap #IndonesiaCemas2025,negatif
61,semoga tambah berkah #ValentinesDay #humor #lucu #duniamalam #IndonesiaGelap #LINGORMFansignVDay2025 https://t.co/Ndsx2e3nWo,netral
62,Krn itu sudah saatnya kita mulai berpikir utk mengganti sistem hari ini menuju sistem yang diperintahkan sang Pencipta yg tdk punya kepentingan apapun pada manusia sistem hidup terbaik hnya ditemukan pada sistem kepemimpinan Islam. #IndonesiaGelap #PeringatanDarurat https://t.co/xZ0JUGvrH1,negatif
63,Ya ampyun heboh bgt dunia sejak kemarin dg tagar #PeringatanDarurat #AdiliJokowi dan ramai ingin #KaburAjaDulu karena #IndonesiaGelap.,negatif
64,@fmnpusat Bagaimana dengan ini ? Ini bukan omon omon. Ini ancaman yg tidak boleh di sepelekan. Kalau pemerintah sudah tdk pro rakyat bagaimana solusi saudara saudara #indonesiagelap https://t.co/VMe8iGhjWt,negatif
65,Prabowo-Gibran Janjikan 19 Juta Lapangan Kerja TKN: Target yang Masuk Akal Klik untuk baca: https://t.co/VYpRZ2Js47 #daruratpendidikan #IndonesiaGelap,?
66,Udah ga bisa berkata² lagi sama efisiensi ga jelas ini #KIPKuliah #PindahAjaDulu #IndonesiaCemas2025 #savekipkuliah #IndonesiaGelap #PeringatanDarurat,negatif
67,Temen gw udah mana anak fisip yg pada jd voter 02 dengan bangga pasang opini kalau pilihannya gak salah wkwkwk makan noh ukt #indonesiacemas #peringatandarurat #savekipkuliah #indonesiagelap,negatif
68,buku dengan copyright 1946 relate sama kondisi Indon 2025 gokil mau mundur sampai seberapa lagi kita #IndonesiaGelap https://t.co/HeQBqkAbbo,negatif
69,Yaa begitulah kira kira. #PeringatanDarurat #IndonesiaGelap,netral
70,Selalu ngucap amit2 tiap liat foto fufufafa di dinding. #ValentinesDay #IndonesiaGelap,negatif
71,@kemgelapan Pantes dicap #IndonesiaGelap... Wong animenya dibawah standar.,netral
72,Indonesia menuju kecemasan mari serukan gerak perlawanan #savekipkuliah #PeringatanDarurat #PendidikanNomorSatu #IndonesiaGelap #najwa https://t.co/Fql7q5yQVc,negatif
73,[Poem - Indonesian] 『𝓐𝓷𝓭𝓪𝓲 𝓔𝓼𝓸𝓴 𝓚𝓲𝓪𝓶𝓪𝓽』 #IndonesiaGelap #ValentinesDay https://t.co/ZtGiQQJvEb,netral
74,@AiraNtieReal @wa2nntx hmmmm ku sedih naikin hastag aja lah kibarkan #benderahitam bajak laut terangi kembali #IndonesiaGelap,negatif
75,@idextratime Baru 100 hari bikin kekacauan negara menuju #IndonesiaGelap malah mau bikin keberlanjutan kerusakan sampai Indonesia Bubar 2030?? Muke gilee ini orang..,negatif
76,@txtfromIR pejabat party rakyat sakaratul maut #KaburAjaDulu #IndonesiaGelap #AdiliJokowi,negatif
77,HARUSNYA YG DIPOTONG PENSIUNAN DPR &amp; MENTRI YG CUMA JABAT 5 TAHUN + HAPUS TUNJANGAN DPR &amp; MENTRI !!!!!! #PeringatanDarurat #daruratpendidikan #IndonesiaGelap #IndonesiaGelap2025 #AnggaranBijakUntukRakyat #PendidikanNomorSatu #PemerintahKorupsi #kabinetmerahputih https://t.co/JTnFe7HMYg,negatif
78,HARUSNYA YG DIPOTONG PENSIUNAN DPR &amp; MENTRI YG CUMA JABAT 5 TAHUN + HAPUS TUNJANGAN DPR &amp; MENTRI !!!!!! #PeringatanDarurat #daruratpendidikan #IndonesiaGelap #IndonesiaGelap2025 #PemerintahKorupsi,negatif
79,seolah orang miskin dilarang punya pendidikan yang tinggi #PeringatanDarurat #daruratpendidikan #savekipkuliah #turunkanuktptn #IndonesiaGelap #PeringatanDarurat,negatif
80,Kacau banget negri gua ya Allahh #PeringatanDarurat #IndonesiaGelap #IndonesiaGelap2025,negatif
81,Keadaan orang indonesia Dan juga dallas mavs fan #IndonesiaGelap https://t.co/dPFLWG7ycC,netral
82,Jepang menawarkan berbagai peluang kerja bagi warga negara asing pada beberapa sektor utama seperti pengajaran bahasa Inggris teknologi informasi dan teknik jepang termasuk slh satu negara tujuan imigran Indonesia cek lengkapnya https://t.co/S304u4rgrh #IndonesiaGelap https://t.co/YZx6V1JIhj,netral
83,#KaburAjaDulu bukan sekadar ajakan untuk liburan tetapi juga mencerminkan keinginan untuk mencari kehidupan yang lebih baik di luar negeri. Tagar ini menjadi viral di media sosial terutama di kalangan anak muda Cek info lengkapnya https://t.co/S304u4rgrh #IndonesiaGelap https://t.co/1oVoAJTiDO,negatif
84,Yang joget joget yang kalau dikasi tau kemarin kemarin sok sok brutal mana ni? Liat pilihanmu.. #IndonesiaGelap,negatif
85,Dampak efisiensi APBN Karena banyak hutang yg dibuat pemerintah sebelumbya yg yaitu Jokowi yg jatuh tempo. Penghianatan era jokowi membabibuta...gila. #AdiliJokowi #AdiliJokowiMeluas #KaburAjaDulu #daruratpendidikan #IndonesiaGelap https://t.co/atL1kPsjVS,negatif
86,Segera membaik indonesia #IndonesiaGelap https://t.co/PiW72zkJxD,positif
87,Perlu berapa banyak warna lagi? #savekipkuliah #daruratpendidikan #IndonesiaGelap https://t.co/nXDwPH021U,netral
88,Baru lewati 100 hari bekerja ... banyak masalah sudah ngegas mau maju lagi di Pilpres 2029#Nalar #IndonesiaGelap,negatif
89,@jefry_wnd Terus perjuangkan hak rakyat #IndonesiaGelap,negatif
90,#IndonesiaGelap semangat kaka kakaa ,positif
91,@MurtadhaOne1 Hidup Rakyat Indonesia #IndonesiaGelap,positif
92,@DrEvaChaniago Bantu sebar QR ini Bu dok . #IndonesiaGelap #IndonesiaGelap2025 https://t.co/fmL2TgeNyP,netral
93,INDONESIA GELAP Pemangkasan anggaran: Hemat untuk rakyat atau dana untuk aparat ?. #IndonesiaGelap #IndonesiaCemas https://t.co/kAIBk2uhSl,negatif
94,Panjang umur perjuangan #IndonesiaGelap by @prabowo @Gerindra,positif
95,Pas si D muncul kocak banget #IndonesiaGelap #Indo,negatif
96,@msaid_didu Ikhtiar bersama membuat terang Indonesia. Lawan para-para pembuat #IndonesiaGelap !!!,negatif
97,PERCAYA KAN KALAU OMONGAN @jokowi itu Rumus nya kebalikannya Tukang Dusta koq dipercaya. #IndonesiaGelap https://t.co/ftg1ZV56qF,negatif
98,@sjafriesjams @KimJohnsonMP @Kemhan_RI @prabowo @setkabgoid @KemensetnegRI Klo pendidikan kaya g deh Anggaran pendidikan kan di potong Jadi g guna kerja sama di bidang pendidikan #IndonesiaGelap,negatif
99,buzzer partai oposisi please gausah nambahin bumbu. ketika rezim ini bubar rakyat belum tentu menerima junjunganmu itu! #IndonesiaGelap,negatif
100,ya lu dilengserin trs diganti ke yang JAUHHH lebih cerdas dan berintegritas drpd lu juga ogah kan?? lu kan kekuasaan &gt;&gt;&gt;&gt; rakyat. #IndonesiaGelap,negatif
101,kalo disuruh gebukin rakyat langsung gasPOL Melindungi Mengayomi dan Melayani Masyarakat cuma isapan jemPOL POL POL POL POL MODAL BORGOL POL POL POL POL TUKANG TAMPOL! (pake beatnya not like us) #IndonesiaGelap #ACAB,negatif
102,Sangat tidak beradab #IndonesiaGelap,negatif
103,@AirinDatangLagi #IndonesiaGelap udah gak ada harapan @Gerindra @prabowo bnr udah Terbius klenik Firaun solo yg sdh Menghianati NKRI &amp; gk lm lg SAMPEYAN kn di khianati jg @DPR_RI apa tindakan klean yg ktnya wakil Rakyat https://t.co/RRBATg9pdR,negatif
104,#IndonesiaGelap : Habis gelap terbitlah perlawanan!! https://t.co/XY3sAeRD2d,negatif
105,vibesnya tuh kaya bikin ogah hidup beneran tp aku punya real madrid yg harus ditonton esok hari #sikap #indonesiagelap,negatif
106,@Yurissa_Samosir @choymarkochoy @ay_prakasa2225 @JamalBoegis @msaid_didu @AmaluddinSSili1 @Boediantar4 @nomerorae @yaniarsim @PutriKayan16645 @Panitia68285950 Respon pemerintah yg seperti ini yg cuma bisa omon-omon menghadirkan mimpi buta kpd rakyat nya malah bikin #IndonesiaGelap semakin GELAP !!!,negatif
107,@kemgelapan gelap lebih cepat #IndonesiaGelap,negatif
108,@barengwarga #IndonesiaGelap karena pejabat negara SDH ga punya hati dan ahlak... Astaghfirullah.. Lahaula Wala quata ila bilaahil aliyill adziim...,negatif
109,Selamat Pagi @Abe_Mukti Pelajar ini tidak butuh makan gratis tapi butuh pendidikan gratis.... #IndonesiaGelap era @prabowo,negatif
110,@Bank_Joee_ Orang pekok Yg dilawan itu korupsinya bukan anggaran di potong asal2an Anggaran dipotong kalau koruptor dibiarkan yg ada malah habis dirampok koruptor Mau tahu lihat juara 2 OCCRP #IndonesiaGelap #AdiliJokowi #JagaBelaMahasiswa,negatif
111,Ndasmu @prabowo #IndonesiaGelap,negatif
112,@msaid_didu ... Mahasiswa rakyat Indonesia buruh dan ojol bersatu.. Lengser Pak #Ndasmu yang tidak becus ngurus Negara dan @fufufafa otak mesum yang gak ada ilmunya.. Alias karbitan... Segera.. Agar Indonesia selamat.. #AdiliJokowi #IndonesiaGelap #IndonesiaMadesu,negatif
113,DPR/MPR SEKARANG WAKIL DAJJAL OLIGARKI. MEREKA SIBUK NGURUSI PERUTNYA SENDIRI. BUBARKAN SAJA!!!! #IndonesiaGelap,negatif
114,@rahmaniarbaftim Kembung #IndonesiaGelap,netral
115,#IndonesiaGelap krn @prabowo @Gerindra .. Cc. Sibuta hati @DPR_RI,negatif
116,@Kucyber69 Laahh.. Klo kata Sayyah maahh.. Lengserkan Pak #Ndasmu dan @fufufafa otak mesum... Agar Indonesia selamat.. #AdiliJokowi #IndonesiaGelap #IndonesiaMadesu,negatif
117,@ButterCupdanie1 Ganti wowo bubarkan parlemen #IndonesiaGelap,negatif
118,@idextratime Pindahin mereka ke Liga 6 #IndonesiaGelap #IndonesiaGelap2025 https://t.co/8bnrjn4QNE,netral
119,pemerintahan lupa kah di thn 1998 siapa garda terdepan??? yups MAHASISWA/I mau keulang lagi kah kejadian itu?!?! prabowo aja kabur eh balik2 mau ngulang sejarah gelap indonesia #IndonesiaGelap2025 #IndonesiaGelap,negatif
120,Ya Allah gini amat sttmnt menteri gada yg adem #IndonesiaGelap #IndonesiaGelap2025 itu bentuk ketidak puasan rakyat Gampang bgt klo mo cari kebenarannya: tanya emak2 rakyat kecil Jan pake sure pay yg metodologi nya aja ga jelas Klo yg di survey kelas atas yg demen korup y ga https://t.co/yXmmunWh0j,negatif
121,@Yurissa_Samosir @choymarkochoy @ay_prakasa2225 @JamalBoegis @msaid_didu @AmaluddinSSili1 @Boediantar4 @nomerorae @yaniarsim @PutriKayan16645 @Panitia68285950 Pejabat bau kencur.. Ngomong ma keluarga ajh di rumah.. Jangan depan wartawan.. Klo cerita burung... Anda baru punya sayap.. #AdiliJokowi #IndonesiaGelap #IndonesiaMadesu,negatif
122,efisiensi ndasmu Ternyata goblok PEa Ndasmu satu circle #IndonesiaGelap #IndonesiaGelap2025 #PrabowoGibranMundurlah #HidupJokowi @prabowo https://t.co/n1HakMdmjP,negatif
123,Dagelan macam apa ini #IndonesiaGelap #IndonesiaGelap2025,negatif
124,#IndonesiaGelap #ArtistBersuara Karya dan asa ada dalam naungan kebebasan Berteriaklah kalau bisa Berpeganglah jika terguncang Rayakanlah jika menang. https://t.co/lguzsYQznG,negatif
125,@qentrunx Auranya mangkin gelap #IndonesiaGelap,negatif
126,Tidak adalah tanggapan presiden terkait aksi masa kemarin? Adakah perwakilan mahasiswa yang dipanggil pihak istana? #IndonesiaGelap,negatif
127,@Yurissa_Samosir @Gerindra @choymarkochoy @ay_prakasa2225 @JamalBoegis @msaid_didu @AmaluddinSSili1 @nomerorae @Boediantar4 @yaniarsim @Panitia68285950 @PutriKayan16645 Respon DPR yg seperti ini yg bikin #IndonesiaGelap makin GELAP aja !!!,negatif
128,Pendukung mulyono menganggap mahasiswa yg demo sebagai mahasewa Mereka bilang giliran perampasan aset diam gak demo dasar mahasewa Curiga karena mereka kebanyakan makan jadi ngantuk dan gak sempat baca apa saja tuntunan mahasiswa #IndonesiaGelap pemimpin nya gelap https://t.co/CgDLThqriV,negatif
129,Ketika Rakyat berteriak Adili Jokowi Prabowo lantangkan Hidup Jokowi #Nalar SERUKAN TERUS AKSI SERENTAK️ #PeringatanDarurat #IndonesiaGelap https://t.co/LBMdBDfc8T,negatif
130,Jejak digital Wowo jadi poster #IndonesiaGelap,negatif
131,@OposisiCerdas Emang nehh.. Pak #Ndasmu sungguh membagongkan... Tunjangan pejabat dan pensiunan pejabat yang dinaikkan kok gak ada khabar _nya yaahh... Huuffttt... Dibilang gak becus urus Negera.. Ntar gebrak - gebrak meja... Anehhh kaann Pak #Ndasmu.. #AdiliJokowi #IndonesiaGelap,negatif
132,Sekarang kalau terapkan kerangka analisis Santosian ini ke sistem hokum Indonesia akan fit dan makes sense. Sehingga gerakan protes #Indonesiagelap adalah keniscayaan dalam konteks hukum modern.,negatif
133,Mau buka gembok buat rt art #IndonesiaGelap di akun sebelah,netral
134,Tidak ada makan siang Gratis! Efisiensi Ndasmu #IndonesiaGelap #IndonesiaGelap https://t.co/PcknJ2z6PB,negatif
135,@amandasah__ Iya sana lapor polisi penjarain bareng jokowi yg sama2 sampah ;) #IndonesiaGelap,negatif
136,Negeri kita sedang tidak baik baik saja #IndonesiaGelap,negatif
137,@babufess Mauu dong hehe @yknowfezaa_ #IndonesiaGelap,netral
138,Tiap hari gue berharap pemimpin&amp;wakilny pejabat2 lain terus pemimpin seblumny mati boleh gak sihmaaf ya allah #IndonesiaGelap,negatif
139,Dengan Warna Kotoran Telinga Bisa Tunjukkan Kesehatan Anda | MY24 HOURS Amerika Serikat Tahukah Anda bahwa warna kotoran telinga bisa menunjukkan kesehatan Anda? Simak fakta warna kotoran telinga https://t.co/VwZrvGBCzf #MY24 #info #kesehatan #telinga #THT #IndonesiaGelap,netral
140,@geloraco Bhuhaha.. Opung emang ga ada matinya.. Tau ajh urusan yang bau - bau duit... Meski ga penting... Yang penting komisi cair... #AdiliJokowi #IndonesiaGelap #IndonesiaMadesu,negatif
141,ehh anjj lu buzzer² di bayar berapa si anjj lu ituu hamaa bangsatttt malah jadi nambah hancur gara gara lu anjj #IndonesiaGelap,negatif
142,@barengwarga Hiduplah Indonesia Raya! Hiduplah Mahasiswa Indonesia! Hiduplah Rakyat Indonesia! #IndonesiaGelap #IndonesiaGelap2025,positif
143,yaAllah tolong lindungi bangsa ini :( #IndonesiaGelap,negatif
144,Masih percaya pemerintah? Masih percaya Jokowi LBP Prabowo? Kalau tak percaya Lalu mereka bikin Danantara utk kelola aset2 besar negara milik rakyat. #PeringatanDarurat #IndonesiaGelap https://t.co/BIMUzCpbns,negatif
145,@DrEvaChaniago Siyap Uni demi merubah #IndonesiaGelap menjadi Terang Benderang ,negatif
146,Pengalaman uang goib 11rb T.... SKCk OCCRP diabaikan demi yg mulia raja Jawa. #IndonesiaGelap2025 #IndonesiaGelap,negatif
147,Harimau konon ternyata cuman omon omon. #IndonesiaGelap #HidupJikowiNdasmu,negatif
148,@Yurissa_Samosir @choymarkochoy @ay_prakasa2225 @JamalBoegis @msaid_didu @AmaluddinSSili1 @Boediantar4 @nomerorae @yaniarsim @PutriKayan16645 @Panitia68285950 #IndonesiaGelap PHK terus ? https://t.co/R5hA44c0FU,netral
149,Pak Timbul. Tenggelam bersama Mulyono. #IndonesiaGelap,negatif
150, Rumah 400 Jutaan di Cilebut Bogor . 1 Km-an ke Jalan Raya Kencana Puskesmas 3 Km-an ke Stasiun Cilebut Jl. Raya Jakarta - Bogor Marcopolo Waterpark Adventures 6 Km-am ke Giant Yasmin Transmart Yasmin RS Hermina Dll #Danantara #IndonesiaGelap #Mahasiswa https://t.co/T4bTFMsg9q,netral
151,@azissubekti maksud nya ini? #IndonesiaGelap https://t.co/KCsvHqzrUe,netral
152,MANTAN BANDIT !!!! Makin nyata #IndonesiaGelap,negatif
153,kenapa pemerintah kasih diskon tarif listrik hingga 50% ? karena #IndonesiaGelap,negatif
154, Rumah 300 Jutaan di Cileungsi Bogor . 1 Km-an ke Jl. Narogong Rumah Sakit Pasar Ciluengsi Perempatan Cileungsi 2 Km-an ke Terminal Radio Rodja Metropolitan Mall 10 Menitan ke Pintu Tol Sekolah AL Azhar Cahay Sunnah Dll #Danantara #IndonesiaGelap #Mahasiswa https://t.co/DZfWoiKKol,netral
155,Hari ini layanan Teman Bus Kampus Unhas Tamalanrea -Gowa berhenti beroperasi? Sepertinya mendukung supaya Mahasiswa Unhas demo #IndonesiaGelap EfisienShit...!!! @SupirPete2 @Daeng_Info @DishubMks https://t.co/VHLr43l39F,negatif
156,@kqanzakii Mau join ciell ‍️ #IndonesiaGelap #daruratindonesia #PeringatanDarurat,netral
157,@FDonghun Itu theme pornhubnya diganti dululah minimal tapi teteplah #IndonesiaGelap segelap muka fufufafa ;),negatif
158,Masuk polisi itu tepatnya apa pak? Masuk ke kantor polisi? Atau menjadi polisi? Kalau berdasarkan rahasia umum yang ada kalimatnya sepertinya kurang tepat pak better daftar masuk polisi gratis untuk diterimanya belum tentu.... #IndonesiaGelap2025 #IndonesiaGelap,negatif
159,Kritik Rakyat Dia Balas Ndasmu Tuntutan Adili Jokowi Dia Balas Hidup Jokowi Mahasiswa Bersuara Dia Entah Kemana Pagii Indonesia Wilujeng Ngopi Sadayana Danantara Akankah Seperti Jiwasraya ? #IndonesiaGelap #ArtistBersuara https://t.co/vy7H86JWfw,negatif
160,MASAK LEBIH BODOH DR VIETNAM SIH?????? #IndonesiaGelap #IndonesiaGelap2025 https://t.co/10XoPHM5mp,negatif
161,@kumparan Demo mahasiswa pakai tagar #IndonesiaGelap? Mending cek fakta dulu sebelum bikin tagar! Mensesneg Prasetyo Hadi ngomong nyata situasi sekarang stabil. Jangan ikut-ikutan gak paham! #IndonesiaGelap,positif
162,@JhonSitorus_18 habis jokowi terbitlah gibran &amp; kaesang habis luhut terbitlah pandu.... #IndonesiaGelap #RezimKarbitan #KaburAjaDulu habis macan asia terbitlah omon omon kucing mulyono,negatif
163, Rumah 600 Jutaan Dekat Stasiun di Cilebut Bogor . 900 meter ke Stasiun Kereta Cilebut 4 km-an ke Tol BORR Universitas Ibnu Khaldun Rumah Sakit Islam Bogor Transmart Bogor Dll #Danantara #IndonesiaGelap #Mahasiswa https://t.co/dBZ0SQEykQ,netral
164,kirain hari kebalikan cuma ada di spongebob #IndonesiaGelap,negatif
165,Vacuum Cleaner Portable Alat Penyedot Debu Serbaguna Mobil Vakum Pembersih dengan harga Rp31.845. Dapatkan di Shopee sekarang! #vacumcleaner #pembersihdebu #alatsedotdebu #IndonesiaGelap #IndonesiaGelap2025 https://t.co/ZlmApoZVW8 https://t.co/x33fspIhBM,netral
166,2 hari kebelakang selama ramai #IndonesiaGelap ga buka tiktok sama sekali akhirnya pagi ini mutusin buat buk dan bener aja isi komennya bikin kok bisa si pola pikirnya kaya gitu?,negatif
167,Coba kalau gak ada yang protes ke pemerintah pagar laut pasti tetap jalan terus gas juga bakalan langkah gara2 sibahlil batak kasus hukum yang berhenti. Kenapa mentri2 kali ini gak ada yang pinter sih. #IndonesiaGelap https://t.co/H4SiOB0pct,negatif
168,waktunya rakyat bergerak waktunya rakyat menuntut hak waktunya rakyat menuntut pertanggung jawaban pajak yang dibayarkan #IndonesiaGelap2025 #IndonesiaGelap https://t.co/n7YzXMbnXg,negatif
169,@sythlus Gapapa sayang aku juga bakal speak up politik terus kedepan. Semangat buat kita #IndonesiaGelap,negatif
170,@Boediantar4 #IndonesiaGelap Ini datanya dari mana? Kok bisa https://t.co/fcOq32spRW,negatif
171,@cagubnyinyir2 @DjogdjaKembali @yonobubut70 @gtobing2903 @gedhanggg @singolodra1945 @mbienyambay2 @adri_zizie Ini juga tanda2 jaman. #IndonesiaGelap #DarkIndonesia https://t.co/GuCtt3tVEH,negatif
172,@andra34817934 @CNNIndonesia Wkwkwkkkk #IndonesiaGelap,netral
173,@Jelli_cent Tandain aja itu polisi nyamar semua pake kaos hitam dan tas selempang. Anak SMA Bootcamp gegayaan lawan Mahasiswa #IndonesiaGelap https://t.co/OZ4JmXWjZf,negatif
174,@kompascom Mantan koruptor coy!!! Dah pada gila kalian #IndonesiaGelap,negatif
175,Semoga sehabis #IndonesiaGelap terbitlah #IndonesiaTerang Aamiin ya Allah,positif
176,@prabowo @gibran_tweet mana nurani kalian?????????????? #IndonesiaGelap2025 #IndonesiaGelap,negatif
177,@TheCurut007 Cahyadi pe'ak #IndonesiaGelap https://t.co/wlVAYy0fTt,negatif
178,CHP FLASHDISK OTG TYPE C USB 1TB/2TB FLASH DRIVE ULTRA DUAL USB 3.1 Flashdisk hp dan laptop dengan harga Rp75.460. Dapatkan di Shopee sekarang! #flashdisk #komputer #laptop #otg #aksesoris #IndonesiaGelap #IndonesiaGelap2025 https://t.co/vpMJH8LNwz https://t.co/Plmd0kfHqO,netral
179,@Yurissa_Samosir @choymarkochoy @ay_prakasa2225 @JamalBoegis @msaid_didu @AmaluddinSSili1 @Boediantar4 @nomerorae @yaniarsim @PutriKayan16645 @Panitia68285950 Pak menteri benar sekali Jokowi saja dapat juara dunia OCCRP Ndasmu #IndonesiaGelap #IndonesiaGelap #AdiliJokowi #JagaBelaMahasiswa,negatif
180,(Dengan kepedean) gais kalo mau print dan tempel kmn2 boleh ia #IndonesiaGelap #IndonesiaGelap2025,netral
181,Knp Prabowo dan Puan Maharani bkn Jokowi? Krn mereka tau Jokowi skrng cuma badut politik yg harus diadili tdk lebih. Massa Aksi Indonesia Gelap Paksa Ketua DPRD Jatim Telepon Prabowo dan Puan Maharani Mayor Teddy Menolak Panggilan. #IndonesiaGelap https://t.co/jRBfUBHWQA,negatif
182,Ojo sakpenak udelmu dewe nduttt. Opo negara ngen diurus cah-cah wae ndutt?!?!? @prabowo #IndonesiaGelap https://t.co/QXrJ7IMVP7,negatif
183,NOVEL BETWEEN SHADES OF GRAY DONG WTS WTS WTB LAGI NYARI NIHH YUHUU PRELOVED BOLEH BANGETTT WEHEHEHE SEDANG MENCARI SECARA UGAL-UGALAN TOLONG DM AJA BIAR GAK DIAMBIL ORANG DULUAN #WTS #WTB #WTB #daruratpendidikan #GPUCETULTheBorrowed #IndonesiaGelap,netral
184,Selamat pagi Indonesia Tau kah kalian saat ini yg namanya macan asia kini berubah jadi meong kampung Hidup Jokowi #IndonesiaGelap https://t.co/NuHF40dhD9,negatif
185,@Anggajaya26 #IndonesiaGelap Brutal sekali,negatif
186,mungkin indonesia bagi sebagian orang masih cerah dan baik baik aja #IndonesiaGelap,positif
187,pret lebih ke anak cucu kalian doang kali #IndonesiaGelap,negatif
188,Ini adalah lembaga non-SK. Tegak independen menyeru murka pada ketidakadilan. Sampai jumpa dijalan! #IndonesiaGelap https://t.co/ihcMreoBx5,negatif
189,Presiden anti Peneliti Presiden anti Pendidikan #indonesiagelap,negatif
190,Saya kehabisan kata-kata untuk menjelaskan situasi negri ini di dalam kepala saya isinya kamu kamu kamu kekasihku #IndonesiaGelap,netral
191,Penting untuk menyeimbangkan idealisme dengan pemahaman realitas dan strategi yang matang agar upaya yang dilakukan bisa efektif dan berkelanjutan. Demonstrasi bukanlah tujuan akhir melainkan salah satu alat untuk mencapai masyarakat yang lebih adil dan sejahtera. #IndonesiaGelap,negatif
192,Kemarin (18/02) aksi di Malang surprisingly berjalan dengan aman gaada aparat yang represif dan pembubaran massa yang brutal. Bahkan pejabat DPRD-nya mau keluar dan rela ujan2an sama pendemo lainnya. press f to respect #IndonesiaGelap #DaruratPendidikan https://t.co/S1iwZjZlQq,positif
193,Hidup Jokowi #IndonesiaGelap #IndonesiaGelap https://t.co/Zy3WOPtgg7,positif
194,@kumparan Ndass mu baik-baik saja. PARA PENCARI NAFKAH SEKARANG TIDAK BEKERJA LAGI HANYA GARA² KEBIJAKAN PEMERINTAH YG MEMOTONG ANGGARAN RAKYAT KECIL BUKAN ANGGARAN PARA PARA PEJABAT.SEKARANG INVESTASI(?) INVESTASI BUAT SIAPA? BUAT PARA KORUPTOR KAH?! #IndonesiaGelap2025 #IndonesiaGelap https://t.co/Btzze1KJ39,negatif
195,demo haraaam...ya akhi! #HidupJokowi #ArtistBersuara #IndonesiaGelap https://t.co/a6qI0SdzlL,positif
196,Mahasiswa dengan idealisme berpikir mereka memiliki potensi besar untuk menjadi penggerak perubahan melalui demonstrasi dan aksi nyata. #IndonesiaGelap,positif
197,@NayDonuts Lo beneran bangga punya pemimpin kayak gitu? Penasaran aja apa yang bisa dibanggain? RT @NayDonuts: MAHASEWA NOWADAYS. Demo is like their daily work Berburu cuan berkerumun atas nama kebersamaan dan aspirasi rakyat. Padahal sih aspirasi bohir. Kata siapa #IndonesiaGelap ,negatif
198,Idealisme berpikir mendorong mahasiswa untuk peduli terhadap masalah sosial dan politik serta merasa bertanggung jawab untuk memperbaikinya. Demonstrasi adalah salah satu cara untuk mengekspresikan idealisme tersebut secara nyata dan kolektif. #IndonesiaGelap,positif
199,@ferrykoto MBG ga jelas ga rata kamuflase doank buat gugurin janji pemilu ujung2nya duit dibawa kemana mana ga jelas #IndonesiaGelap,negatif
200,Jaman Soeharto media di bungkam dan dibuat seolah-olah semua aman sejahtera. Masyarakat banyak yang bodoh saat itu. Mereka dibuat tidak sadar kalau negara dalam masalah makanya bertahun-tahun bisa ditipu. Mau diulangi lagi ? #IndonesiaGelap,negatif
201,@MissDiiins99 @Joeharijhoe @agnezmo Wkkw kok ngamuk? Nimbrung dong masa ada hal keji didepan mata diam aja apalagi ada hak orang lain yg ditilep gimana ga nganggur orang yg punya hak aja didzolimin hak kekayaan intelektualnya bertahun-tahun mana yg nilep playing victim lagi #IndonesiaGelap ,negatif
202,pengen ngatain pendukung 02 yg skrng pake #IndonesiaGelap #EFISIENSHIT,negatif
203,Sejuta harapan musnah..karena tiada lg yg bisa diharapkan.. masa depa suram alias madesu. #IndonesiaGelap,negatif
204,Demonstrasi sering dilakukan untuk membangun kesadaran untuk mengedukasi masyarakat tentang isu-isu tertentu. #IndonesiaGelap,netral
205,Demonstrasi sering dilakukan untuk mendorong perubahan agar pemerintah atau pihak berwenang mengambil tindakan yang sesuai dengan aspirasi masyarakat. #IndonesiaGelap,netral
206,Ketika banyak orang yg rela degradasi harga diri dan intelektual demi bayaran di titik itulah #IndonesiaGelap,negatif
207,Demonstrasi sering dilakukan untuk menyuarakan kritik terhadap kebijakan pemerintah ketidakadilan sosial atau masalah lainnya. #IndonesiaGelap,netral
208,Hidup NDASMU...Hidup NDASMU #IndonesiaGelap2025 #IndonesiaGelap https://t.co/2ppEmYGLSl,negatif
209,Pagi ini masih hujan beneran #IndonesiaGelap .,netral
210,Perjuangan Pak Ted Sioeng sia dalam membayar hutang akan tetapi tidak di hargai malah di pidanakan oleh pihak mayapada #MayapadaCurang #UsutMayapada #viral #fyp #trend #kecurangan #kasus #savekipkuliah #daruratpendidikan #berita #KaburAjaDulu #indonesiagelap #daruratindonesia https://t.co/caMExa8bMm,negatif
211,@virdianaurellio @NNgambang Tidak ada satu kekuatan pun di dunia ini yg dapat mengalah jika Rakyat sudah bersatu ( People Power). Walaupun dengan resiko banyak nya jatuh korban dari pihak Rakyat. #IndonesiaGelap #IndonesiaGelap https://t.co/3naXvZBgOe,negatif
212,Perjuangan Pak Ted Sioeng sia dalam membayar hutang akan tetapi tidak di hargai malah di pidanakan oleh pihak mayapada #MayapadaCurang #UsutMayapada #viral #fyp #trend #kecurangan #kasus #savekipkuliah #daruratpendidikan #berita #KaburAjaDulu #indonesiagelap #daruratindonesia https://t.co/3czOzhRz4z,negatif
213,Kita butuh uraian lengkap dari experts mengenai #IndonesiaGelap kalau mau nyampe ke dunia. Gw share artikel straitstimes tapi overall isinya gak ada uraian masalah demand protestor dsb. Non Indonesian tetep out of the loop. Meskipun PR dr @txtfromIR bagus tp oversimplified.,negatif
214,Demonstrasi mahasiswa seringkali menjadi gerakan yang signifikan dalam sejarah seperti gerakan reformasi 1998 di Indonesia yang berhasil menumbangkan rezim Orde Baru. #IndonesiaGelap,netral
215,bangsat nih negara udah rusak dari akarnya malah dijebol lagi sampai mau roboh tumbang anjir. Jaman pemerintahan paling bobrok di semua era. #PeringatanDarurat #IndonesiaGelap2025 #IndonesiaGelap,negatif
216,Demonstrasi adalah salah satu cara mahasiswa mengekspresikan pendapat dan memperjuangkan idealisme mereka. #IndonesiaGelap,netral
217,Yang sombong itu jokowi dan keluarganya. #IndonesiaGelap #AdiliJokowiHargaMati,negatif
218,@CNNIndonesia Mainmu kurang jauh wahai pejabat2 istana. #IndonesiaGelap liat aja dipelosok2 sana masih banyak anak2 yg berjuang seperti di video ini hanya utk mendapatkan pendidikan yg sekarang malah bukan menjadi prioritas utama. Sementara kalian enak pake mobdin mewah seharga miliaran https://t.co/38d043zGgp,negatif
219,Kami coba untuk mengkonfirmasi dengan perlahan Focus terhadap Bapak Kumis Berseragam Coklat Yg Ringan Tangan Memukul Adik kita Mahasiswa Peserta Aksi #IndonesiaGelap Kami Bantu Guna Pengembangan Lebih Lanjut Kepada YTH Institusi Kepolisian Republik Indonesia Hidup Mahasiswa https://t.co/Q5TZku0kCr,negatif
220,@geloraco Kabur saja dulu ndasmu #IndonesiaGelap,negatif
221,Lucunya negri ini kakek di makassar ngaku cucu buaya tapi malah diterkam hingga Tangan Hampir Putus lihat dengar pahami #ArtistBersuara #IndonesiaGelap https://t.co/lBYXDG4yWs,negatif
222,@berlianidris Lawan para-para yg bikin #IndonesiaGelap,negatif
223,Apa yang terburuk? Kita ribut ga setuju kritik segala kebijakan ngaco. Tapi mereka bikin statemen 'Indonesia baik-baik aja'. Lagaknya demi kebaikan bersama tapi menolak tau apa yang sebenarnya diinginkan dan dibutuhkan rakyat. Dasar tiran. #IndonesiaGelap #IndonesiaGelap2025,negatif
224,@faizalassegaf Ndas mu Somplak klo begini terus gimana mau Indonesia emas ???!!! #IndonesiaGelap bro mending #KaburAjaDulu para-para rakyat kayak kita cuma di suruh cari solusi sendiri ga ada yg tanggung jawab sm kita pdhl itu amanah UUD 45,negatif
225,#IndonesiaGelap #Ndasmu Gak gelap gimana punya presiden kualitas 11 dari 100. Betul sekali ndasmuu!!!,negatif
226,@aho_Kitsune #IndonesiaGelap #daruratindonesia #PeringatanDarurat Sebagian ada yg sadar klo pilihannya salah tapi banyak juga ternyata yg masi bodoh dan bilang klo negara ini masi baik² aja. Keseeellll ,negatif
227,Satu lagi menteri yang tidak tanggap dengan kondisi bangsanya. Indonesia bubar karena pejabat negara yang mengkhianati amanat Rakyat. #PejabatPicek #IndonesiaGelap https://t.co/hmjUpAEmz1,negatif
228,@Mdy_Asmara1701 Karena pendidikan gratis berat...kl makanan gratis walaupun ala kadarnya ok lah #IndonesiaGelap,negatif
229,@kompascom Gaya gaya 10 tahun silam dan terus dilanjutkan.....omong2x besar ternyata bohong....bakal makin nyata #IndonesiaGelap kalo gerombolan mereka ini gak cepet2x dikarungin....,negatif
230,@convomf Ketawa bentar disela-sela #IndonesiaGelap,netral
231,#IndonesiaGelap Semarang 18 Februari 2025 https://t.co/blO1HisslN,netral
232,@kumparan Menteri ini perlu periksa mata dan hati.... Hanya orang buta yg nggak pernah kegelapan !!! #IndonesiaGelap #IndonesiaGelap2025,negatif
233,#IndonesiaGelap hidoop.jkw,positif
234,@JhonSitorus_18 Kok sama dg kata hatiku ya ... apalagi ada finalis occrp disitu ... #IndonesiaGelap https://t.co/iH35FtTfF0,negatif
235,@artistsbase Mereka yang terbutakan oleh Dosa Besar akan melupakan pelajaran dari masa lalu. - Barri2410 / Barri_2410 #PeringatanDarurat #IndonesiaGelap #IndonesiaGelap2025 #ArtistBersuara https://t.co/Ki8rbhntE4,negatif
236,Rakyat bergerak demokrasi dipertaruhkan. Tuntutan ini bukan sekadar kata-kata ini adalah perlawanan terhadap ketidakadilan. Saat kebijakan lebih menguntungkan segelintir elit dibanding rakyat saat demokrasi terus diinjak apakah kita akan diam? #IndonesiaGelap https://t.co/gGGWVKWLgK,negatif
237,Jangan sombong dengan jabatanmu sekarang bisa jdi kesombonganmu akan menjatuhkan mu. #IndonesiaGelap #IndonesiaGelap,negatif
238,Konsep dana gotong royong masyarakat melalui BPJS bisa dibilang gagal banyak masalah yang timbul. Sekarang Danantara ??? Permainan apalagi ini ? #IndonesiaGelap #indonesiaCEMAS https://t.co/7vi4bauc9J,negatif
239,@Gamal_Albinsaid #IndonesiaGelap mas lihat masyarakat yang sedang cemas,negatif
240,Menuju #IndonesiaGelap https://t.co/Hwoqtrz6Mo,negatif
241,@alisyarief Berguru sama si tukang ngibul dan culas ya begitu itu #IndonesiaGelap #AdiliJokowi,negatif
242,1. Diluncurkan Omon omon 2. Dikelola keluarga &amp; handai taulan 3. Diawasi Mulyono koruptor no 2 di dunia 4. Di kawal APH mental korup Keuntungannya dinikmati oleh 1 2 3 dan 4... Voter 01 02 03 ndlongop nonton orang bancakan #IndonesiaGelap,negatif
243,Klo Jokowi anak dan menantunya tidak hengkang dari PDI-P mungkin jadi target juga ? Sekarang aman ya ? Karena ada atau bersekutu dengan penguasa ? Lagu lama kaset baru #IndonesiaGelap,negatif
244,Gua kerja di Jepang ketika dia bilang aku pengen tinggal di korea pengen pulang gua malah berkebalikan‍‍ #IndonesiaGelap amat,negatif
245,@Louis_chantika Memang pak @prabowo pernah mimpin demo??? Omon-omon!!! #IndonesiaGelap Di tanganmu Pak!!!,negatif
246,Sebagai seorang non-Mahasiswa. mau ikut demo takut dituduh intel penyusup bahkan diserahin ke polisi biar jadi bahan persekusi. Padahal kami ingin menunjukkan rasa ketidakpuasan itu datang dari lapisan lain bukan mahasiswa saja. #IndonesiaGelap #mahasiswa,negatif
247,Mana #Ndasmu Masih kesurupan gendam. Menuju #IndonesiaGelap,negatif
248,#IndonesiaGelap #IndonesiaGelap2025 Kalian Nggak Kepikiran Untuk Mengumpulkan Orang Dan Coba Membuat Kelompok Untuk Menghabisi Pemerintah? Padahal itu cara Terbaik untuk membuat Negara Indonesia menjadi Baik dan Makmur! Percaya padaku! Memb4ntai mereka adalah solusi yang tepat https://t.co/S5jhEM6TYO,negatif
249,@Subur0204 Rasanya sempurna sudah daya rusak rezim malah semakin berkelanjutan. Buat para pejuang pendidikan dakwah dan penyuluh semoga diberi kesabaran ditengah gencarnya fitnah #IndonesiaGelap #IndonesiaGelap https://t.co/jPvmx3otCn,negatif
250,@kompascom Ternyata dia pernah #KaburAjaDulu karena saat itu menurut dia #IndonesiaGelap https://t.co/Bi2TqCCrSv,negatif
251,@rmol_id N D A S M U #IndonesiaGelap,negatif
252,@ardisatriawan itu hanya di permukaan saja. mereka samanya 11. 12. namanya juga satu perkumpulan. #IndonesiaGelap,negatif
253,NAJISS BGTT KAGA SUDI GUE BERANAK PINAK DI INI NEGERI. CUMA ORANG TOLOL #IndonesiaGelap #IndonesiaGelap #IndonesiaGelap2025,negatif
254,@rahmaniarbaftim Wa'alaikumsalam warahmatullahi wabarakatuh... Masih #IndonesiaGelap #PrabowoGibranMundurlah Biar terang Indonesiaku!!!,negatif
255,Ada sepuluh orang kayak dia ini.... Riweuh Indonesia sehari-harinya.. #IndonesiaGelap2025 #IndonesiaGelap https://t.co/rnSOILRPSU,negatif
256,@kompascom Wowo pernah #KaburAjaDulu karena waktu itu menurut dia #IndonesiaGelap https://t.co/bzP6ng5dkG,negatif
257,2x bikin igs pake #IndonesiaGelap 2x juga kena takedown ada yg sama? https://t.co/NsEL9nd4MU,negatif
258,@kqanzakii mauuu join! tapi liat dulu dlnya yaw ehe #IndonesiaGelap #daruratindonesia #PeringatanDarurat,netral
259,@ARSIPAJA Ada fenomena apa di negara GEMAH RIPAH LOH JINAWI (penduduk negeri dan lahan subur makmur) ada ungkapan dan bahkan teriakan rakyat #IndonesiaGelap #IndonesiaGelap2025 dan #KaburAjaDulu ? Apakah warga #elit sudah tidak bisa merasakan apa yang diderita rakyat #alit ?,negatif
260,sakit jiwa bgt org yg comment mahasewa nasi kotak di konten aksi #IndonesiaGelap. kalian bener ngegambarin pemimpin kalian sama sama tolol dan dungu. kalian alasan pemerintah suka menginjak injak. setan.,negatif
261,Ada fenomena apa di negara GEMAH RIPAH LOH JINAWI (penduduk negeri dan lahan subur makmur) ada ungkapan dan bahkan teriakan rakyat #IndonesiaGelap #IndonesiaGelap2025 dan #KaburAjaDulu ? Apakah warga #elit sudah tidak bisa merasakan apa yang diderita rakyat #alit ?,negatif
262,@JhonSitorus_18 Waspada Danantara mesin perah BUMN. #IndonesiaGelap,negatif
263,Bayangkan APBN dibuat untuk investasi (bodong) Itulah Danantara #IndonesiaGelap,negatif
264,sesusah itu kah untuk buka mata dan dan mendegarkan suara rakyat? sesusah itu kah anjing? #IndonesiaGelap #IndonesiaGelap #IndonesiaGelap,negatif
265,Plis ajak gue demo biar ada barengan dari bekasi. #IndonesiaGelap #AdiliJokowi,negatif
266,wallahi gue ga bakal ikhlas kalo besok ada uang pajak gue ngalir ke dalam tubuh lo ataupun keluarga lo I'm nothing rn tapi besok di alam kubur gue seret lo sampe neraka ofc with me #IndonesiaGelap #IndonesiaGelap #IndonesiaGelap2025,negatif
267,Ada fenomena apa di negara GEMAH RIPAH LOH JINAWI (penduduk negeri dan lahan subur makmur) ada ungkapan dan bahkan teriakan rakyat #IndonesiaGelap #IndonesiaGelap2025 dan #KaburAjaDulu ? Apakah warga #elit sudah tidak bisa merasakan apa yang diderita rakyat #alit ?,negatif
268,@yaniarsim #Presidenpelindungkoruptor #IndonesiaGelap . Mahasiswa di maki maki ndasmu Dianggap lucu..,negatif
269,@alisyarief Prof ini kerjaan pemda setempat atau gimana sih? Pemandangan spt ini byk sekali diberbagai daerah lho? #IndonesiaGelap,negatif
270,Diliat-liat statement orang-orang pemerintahan (entah itu menteri-menteri atau yang berhubungan sama pemerintah). Statement yang keluar buat nanggepin isu nasional #IndonesiaGelap sama #KaburAjaDulu rasanya makin nantangin rakyat.,negatif
271,Kuasai gedung DPR dan sweeping gerombolan KIM. #IndonesiaGelap,negatif
272,@kumparan Gw kira setelah era Jokowi Indonesia akan terang ternyata makin gelap #IndonesiaGelap,negatif
273,Lagian lu pada ngapa dah dikasih pilihan yang masih seger malah milih abu kremasi? #IndonesiaGelap,negatif
274,Isilop udh bau tanah gt msh aja egois #IndonesiaGelap #PeringatanDarurat,negatif
275,naikkan! #LawanAjaDulu #IndonesiaGelap,negatif
276,@Tan_Mar3M Kalau masih ada rasa penyesalan berarti masih ada rasa waras tapi kalau sudah merasa biasa- biasa saja berarti orang tersebut sudah sakit mental #IndonesiaGelap,negatif
277,Giliran ada yg muncul begini statementnya #IndonesiaGelap,netral
278,Tertulis dlm skripsi sy: Koreksi Demi Koreksi: Aktivitas Pergerakan Mahasiswa Indonesia Pasca Malari Hingga Penolakan NKK/BKK (1975-1980). Bgmn Presiden' Soeharto hadapi aksi2 mahasiswa. Berkelas! Bukan ngenyek kayak byk pejabat medioker jaman now! #IndonesiaGelap https://t.co/eYK8COhFOY,negatif
279,Selamat pagi teman-teman jangan lupa bantu naikkan hastag #IndonesiaGelap https://t.co/dEwNG7ZFLr,negatif
280,Jika Bung Rocky sudah turun bersama mahasiswa berarti sudah gawat jika Cak Nun sudah turun bersama rakyat berarti situasi sudah sangat gawat darurat. #IndonesiaGelap,negatif
281,Gue sampai lupa kalo lagi life after break up karena keadaan negara chaos mampus Yang dilike &amp; repost bukan lagi quotes-quotes validasi tapi jejak digital pejabat-pejabat &amp; teman-teman mahasiswa gue yang lagi turun ke jalan. Situasi #IndonesiaGelap lebih ngikis hati gue ,negatif
282,BINGUNG CARI SITUS AMAN TERPERCAYA??? MAIN DI LEGOTOTO AJA BOSKUHH JELAS AMAN https://t.co/qsFUHC7nx4 𝙎𝙄𝙏𝙐𝙎 𝙅𝙋 𝙈𝘼𝙓𝙓𝙒𝙄𝙉 𝙉𝙄 𝘽𝙊𝙎 MENANG BERAPAPUN PASTI DIBAYAR TUNTASS TIDAK PAKEK LAMA!!! #IndonesiaGelap #bayarhutangnya https://t.co/d0xpoEHowp,netral
283,Langit masih gelap ditambah hujan pagi ini #IndonesiaGelap,netral
284,TAPI MASIH TETEP AJA #INDONESIAGELAP,negatif
285,@CNNIndonesia Kerusakan mental pejabat yang membuat #IndonesiaGelap,negatif
286,@BarisanOpOsisi Saatnya Revolusi Rakyat ..dan bubarkan MPR DPR yg 80% orangnya wowo ....#IndonesiaGelap #Kalaubukansekarangkapanlagi #PanjangumurPerjuangan,negatif
287,Di PHP-in pemerintah sendiri WKWKWKWK #IndonesiaGelap #IndonesiaGelap2025 is real Lu kalo mau ambil beasiswa jangan dari pemerintahan dah nanti sakit hati ,negatif
288,Ini pemerintah belum ada yang berani nanggepin demo mahasiswa apa? #IndonesiaGelap,negatif
289,@abu_waras Dengan kondisi ril saat ini apakah hal itu akan terwujud ? #IndonesiaGelap,negatif
290,Bedebah ndasmu.... #IndonesiaGelap,negatif
291,Rahasia Sukses Vietnam: Pemimpin Vietnam cukup lihat apa yg dilakukan pemimpin Indonesia dan bertindak sebaliknya. #IndonesiaGelap ...,negatif
292,#IndonesiaGelap nih soalnya masih jam 5 pagi,netral
293,@Bramakumba123 @Lembayung071 @realfedinuril Ternyata penjilat. #IndonesiaGelap,negatif
294,Mahasiswa Universitas Mataram dan sekitarnya di Lombok NTB sudah mulai bergerak hari ini. Mohon dibantu sebarluaskan min @barengwarga @BudiBukanIntel #IndonesiaGelap #IndonesiaGelap2025 #DarkIndonesia https://t.co/wi1F9NfQDz,netral
295,DeepSeek itu cuma habis 100M. Noh CoreTax @DitjenPajakRI @KemenkeuRI habis 1.2T sukses bikin pening orang senegara. Orang ini pernah ngomong berdasarkan BigData Pemilu perlu ditunda. Jika orang2 seperti ini yg input info ke Pak @prabowo maka memang #IndonesiaGelap,negatif
296,@Yurissa_Samosir @Gerindra @choymarkochoy @ay_prakasa2225 @JamalBoegis @msaid_didu @AmaluddinSSili1 @nomerorae @Boediantar4 @yaniarsim @Panitia68285950 @PutriKayan16645 Giliran pemilu rakyat dibaik2in pas kepilih rakyat disalah2in #IndonesiaGelap,negatif
297,Pemerintah bangke bikin gua gak fokus ngikutin drama twitter aja #IndonesiaGelap,negatif
298,@Opposisi6890 Kebijakan efisiensi anggaran kontradiksi dgn kabinet gemuk stafsus/utusan khusus yg tdk jelas fungsi &amp; wewenangnya. Real #IndonesiaGelap #IndonesiaGelap,negatif
299,Pemerintah konyol #IndonesiaGelap,negatif
300,Tak henti2nya rejim militeristik itu menyakiti rakyat #IndonesiaGelap,negatif
301,@tanyarlfes HIDUP PENDIDIKAN INDONESIA #IndonesiaGelap #IndonesiaGelap #IndonesiaGelap https://t.co/2BRUptDd5k,positif
302,@detikcom Orang gini gak punya kapasitas malah dipilih wapres. #IndonesiaGelap,negatif
303,Speechless ada danantara ditambah demo #IndonesiaGelap liat teel jd makin runyam anjir.. jahat zolim sih tepatnya..,negatif
304,@kumparan Percaya hukum di indonesia ?????? Oligarki bebas aman #IndonesiaGelap,negatif
305,@persekutuanjawa @DivHumas_Polri @pasifisstate @YLBHI @kemgelapan @sumarsih11 @DivHumas_Polri @pasifisstate @YLBHI @kemgelapan @sumarsih11 Bantu repost &amp; retweet kawan #IndonesiaGelap #IndonesiaGelap2025,netral
306,#IndonesiaGelap ribuan Mahasiswa turun ke jalan. Hidup Mahasiswa!! Hidup Rakyat Indonesia!! Hidup Jokowi Ndasmu!! https://t.co/yDk78HPll6,negatif
307,@LardnejB @abcdekhy @yourbae mrka yg bahas politik dilive berhak juga brpndapat tpi mungkin bahasan mrka cuma permukaan ga terlalu dlm dan hanya bersuara sebagai rakyat pada umumnya pendapat orang beda beda itu hal lumrah dan mereka ga pas aja momentum dan tmpt juga mngkin mrka kurang tepat #IndonesiaGelap,netral
308,Ya justru mumpung baru 100 hari semua kekacauan ini jg gegara pembiaran2x yg dah kalian lakukan selama 3650 hari yang lalu....BGST !!!!!! #IndonesiaGelap,negatif
309,@barengwarga KAAAKKKKK terpantau udh muncul tagar aneh #IndonesiaGelap https://t.co/WFNUP1pe3Z,netral
310,Paak mbok yaa gak usah lagi menghayal terlalu jauh sekarang pak sekarang sdh menuju #IndonesiaGelap Beri bukti kerja nyata sekarang utk memperbaiki perekonomian dan kesejahteraan rakyat !!! Gak usah banyak basa basi Rakyat sdh tdk percaya sama kalian wahai pemimpin negri https://t.co/oeJqV2Q2Y4,negatif
311,Izin mengutip dari Bang Baskara sebentar dengan sedikit perubahan: berdansalah karir (dan hidup kita) ini tak ada artinya (di mata pemerintah). #IndonesiaGelap https://t.co/7lHijLRBbd,negatif
312,@msaid_didu LAWAN KEBIADABAN #IndonesiaGelap,negatif
313,Ndasmu pe'a goblok #IndonesiaGelap,negatif
314,@Mdy_Asmara1701 Dari rakyat untuk wakilnya #IndonesiaGelap,negatif
315,#IndonesiaGelap Jika harus mengejar kamu yang sibuk untuk mengejar orang lain,netral
316,@Boediantar4 WHEN? when ada agenda bakar rumah Mulyono and keluarga? seperti finalis occrpskfj pokoknya wiwok de tok not onle tokde tok #IndonesiaGelap,negatif
317,@abcdekhy @yourbae ga salah sih mereka berpendapat cuma momentum dan tempatnya kurang pas apalagi sekarang lagi masif gerakan #IndonesiaGelap,netral
318,Ini lho Tuntutan Mahasiswa #IndonesiaGelap @DPR_RI @prabowo https://t.co/4p3qzRIcc9,negatif
319,@Heraloebss Giliran RUU perampasan aset pd budek katanya Prabowo disukai rakyat dan DPR 82% kalau SEHEBAT itu sahkan RUU PERAMPASAN ASET KORUPTOR. jgn hanya teriak Hidup Jokowi #AdiliJokowi itu yg benar #IndonesiaGelap kenyataan. https://t.co/ukRkmxm0fV,negatif
320,@DokterTifa Gambaran #IndonesiaGelap saat ini kalo diilustrasikan seperti ini. Sang kodok lewat manuver politik pelan tapi pasti akan memakan harimau. Sayangnya sang harimau begitu bodoh tidak menyadari 'bahaya' malah justru menyanjung sang kodok. Apakah kita akan diam? https://t.co/wq1cKocEAG,negatif
321,@C_D3pp itukan kaisar Hirohito. Lah disini kaisar hirowow lebih penting anak dikasih makanan bergizi meskipun fakta dilapangan makanannya tidak bergizi sama sekali daripada menjadikan Anak² bangsa jd pintar melalui program pendidikan Gratis!! #IndonesiaGelap,negatif
322, kami akan menjadi pengritik terdepan setelah prabowo terpilih jd presiden jika ada kebijakan yg menyimpang kata buzzer mulyono yg dulu jelek²in prabowo. sampai hari ini NDHAS-nya gak terlihat! #IndonesiaGelap,negatif
323,@RagilSemar 10 tahun terakhir sejak presidennya mulyono abu fufufafa Indonesia menuju kegelapan. Sang jenderal yg katanya lebih hebat ternyata tak jauh beda dgn mulyono abu fufufafa bahkan malah jd 'peliharaan' mulyono abu fufufafa. #IndonesiaGelap,negatif
324,wow lama ga buka x sekalinya buka rame sama #IndonesiaGelap . goodluck buat yang sedang berjuang semoga kebaikan menyertai,?
325,@kemgelapan @prabowo Pertanyaan lain. Kapan para suhu turun gunung? Siapa para suhu itu? Tiada yg tau sih wkwkwk yg jelas wiwok detok not onli tok detok. awokawok #IndonesiaGelap #IndonesiamenujuPembusukan,negatif
326,@ronaldy596 HIDUP MAHASISWA #AdiliJokowi #IndonesiaGelap,negatif
327,Sudah dibahas media tetangga sebelah #IndonesiaGelap https://t.co/DO4ES8HzDI,negatif
328,Mendingan #IndonesiaGelap diberitain sama media luar biar dunia tau kalau rezim onoh itu brengsek.,negatif
329,Wah berat bgt cobaan puasa gantiku. Ga afdol ga ngatain pemerintah yg tolol abis tsb #IndonesiaGelap #IndonesiaGelap2025,negatif
330,Perlu dicontoh untuk daerah lain bawa kotoran sapiii gaes biar ga ada mau mendekat ituu!!!! #IndonesiaGelap2025 #IndonesiaGelap,negatif
331,Fufufafa @gibran_tweet dah lah mundur aja #IndonesiaGelap @prabowo @Gerindra @luhut_binsar (Menteri segala urusan ‍️) https://t.co/sotLnSx83H,negatif
332,ikut demo ngga ya. udah mulai adu domba propaganda yang pro sebarin #IndonesiaGelap yang kontra bilang 'mahasewa' pendemo 'ditunggangi' fraksi partai tidak beradab dibayar dan sebagainya. Sehat-sehat deh buat negara ini. Panjang umur perjuangan!,negatif
333,awal kegelapan dsri 1966 s/d 2024 ..parahnya sakitnya demokrasi saat pilpres dan setelah pilpres negara jadi miskin dan Darah Rakyat ketipu manusia dalam karung bansos uang negara utk meneruskan kekuasaan tahta dan harta #IndonesiaGelap,negatif
334,Soekarno di demo mahasiswa saat masih menjabat Soeharto diminta untuk diadili oleh mahasiswa saat masih menjabat Jokowi diminta untuk diadili oleh mahasiswa ketika sufah tidak menjabat/ujung jabatan #IndonesiaGelap Indonesia makin gelap karena ulah politisi... Tak,negatif
335,beneran kejadian kan? ciri2 sebagai pemerintahan otoriter sudah bermunculan. dulu voters 02 dibilangin pada ngeyel begitu kena efisiensi kena phk UKT naik dll. langsung pada play victim. gara2 kaum 58% Indonesia jadi tambah kacau. #IndonesiaGelap #DaruratIndonesia #Danantara https://t.co/ZwQTHy8S9B,negatif
336,Ternyata dan ternyata ....ijazah palsu itupun akan terkuak juga.. #IndonesiaGelap #AdiliJokowi,negatif
337,Semua PPI di NL &amp; Vlaanderen BE bisa pake dan sebar flyer ini #Indonesiagelap https://t.co/7rFZyfqXrK,netral
338,@BosPurwa @prabowo @Kemdiktisaintek @itbofficial Bangkit Melawan Diam Ditidas.. #indonesiagelap,netral
339,Mahasiwa tidak disewa... Cuma di sawer.. Atau bahasa politiknya didanai... Oleh siapa? Ya oleh politisi yg nanti juga bakal bikin #IndonesiaGelap Masih percaya congor congor politisi? Tak,negatif
340,Hari2 belakangan sering berkaca2 liat kenyataan di real life ama di sosmed. #IndonesiaGelap,negatif
341,@Mdy_Asmara1701 mereka lebih sadar atas kebutuhan pendidikan #IndonesiaGelap,negatif
342,Gw sumbang terjemahan dalam bahasa Belanda #IndonesiaGelap https://t.co/IwDZXUM4A2 https://t.co/bqa26ezk88,netral
343,Ini aku sih setuju dana MBG sebaiknya di alihkan utk menambah dana BOS dan kesejahteraan guru non PNS #AdiliJokowi #IndonesiaGelap,negatif
344,Aku tebak deh.....entar akan minta maaf dan aman. #IndonesiaGelap #AdiliJokowi,negatif
345,Macan kalah sama kodok dimakan pula. Pantesan #IndonesiaGelap . lagian sang macan takut amat sama si kodok untuk #AdiliJokowi,negatif
346,Ada yang ngerasa #IndonesiaGelap sempat hilang 2-3 jam lalu? gak ketemu di homepage dan jumlah tagarnya turun dari sekitar 850k jadi 500k,negatif
347,@barengwarga elu gak bisa komen karena diblokir ya? wkwk memang menakjubkan demo kali ini beritanya 1-2 hari yang lalu besoknya demo. Seperti #PeringatanDarurat tapi sangat masif. Kalau terlalu lama bisa di counter pejabat parcok bajingan #IndonesiaGelap #IndonesiaGelap2025,negatif
348,Negara tidak ada harapan #IndonesiaGelap,negatif
349,Akhirnya Budaya Prancis dikit-dikit mulai diadopsi masyarakat kita gumoh banget liat berita pemerintah yang terus-terusan buat statement bodoh seolah rakyatnya emang gampang dibodoh-bodohin. #IndonesiaGelap2025 #IndonesiaGelap,negatif
350,@bemuiofficial Mahasiswa harus tetap menggunakan jaket almamater. Masyarakat yg mau gabung silakan gabung saja. Hati hati dan teruslah melawan kezhaliman penguasa. #IndonesiaGelap #neoordebaru,negatif
351,AC Milan Tersingkir dari Liga Champions Akibat Aksi Konyol Theo Hernandez yang Membuat Feyenoord Lolos ke 16 Besar https://t.co/hkNmOeVUyz #UCL #IndonesiaGelap,netral
352,@bemuiofficial Cek ya pekerja pun mendukung #IndonesiaGelap,negatif
353,Yang masih ngomong/update Indonesia Terang Benderang itu berarti ada kesalahan sama otaknya sehingga cara berpikirnya mulai meresahkan. #IndonesiaGelap masih digaungkan selama lembaga Legislatif Eksekutif dan Yudikatifnya SEKOLAM serta TIDAK MEMIHAK SELURUH RAKYAT INDONESIA,negatif
354,ternak lapar lebih gampang di atur! #IndonesiaGelap https://t.co/m3I9ZeBR8G,negatif
355,Jika kau tahan kata-katamu mulutmu tak bisa mengucapkan apa maumu. - Wiji Thukul #MacanAsia #IndonesiaEmas #AntiHoax #IndonesiaGelap,netral
356,Aku bukan artis pembuat berita tapi memang aku selalu kabar buruk buat para penguasa. - Wiji Thukul #MacanAsia #IndonesiaEmas #AntiHoax #IndonesiaGelap,negatif
357,Pemecah bagi masalah yang kita hadapi hari ini tidak bisa dilakukan pada tingkat pemikiran yang sama seperti ketika kita menciptakannya. - Albert Einstein #MacanAsia #IndonesiaEmas #AntiHoax #IndonesiaGelap,netral
358,Satu-satunya alasan untuk waktu adalah agar semuanya tidak terjadi sekaligus secara bersamaan. - Albert Einstein #MacanAsia #IndonesiaEmas #AntiHoax #IndonesiaGelap,netral
359,Kata gwe mah indonesia jg paling ga bertahan sampe 2045 klo gini trus isinya. #IndonesiaGelap,negatif
360,Kata Pemerintah Kala Mahasiswa Demo #IndonesiaGelap https://t.co/vuXUYLeOxA,netral
361,Pengunjuk rasa melempar kotoran sapi ke Gedung DPRD Jawa Tengah di Semarang pada unjuk rasa #IndonesiaGelap Selasa 18 Februari 2025. . #IndonesiaGelap https://t.co/nLPuNZr1ZA,netral
362,ayo kosongin waktu 20 Februari guys #IndonesiaGelap,netral
363,#IndonesiaGelap #KaburAjaDulu #PeringatanDarurat #IndonesiaGelap2025 Hasta9² itu Y6 trend saat ini and ya benar memang n sdh sejak dolo ya cuma hanya saja mungkin klen baru tersadar kalo w sdh lama #KaburAjaDulu ke +65,negatif
364,Biasanya titik kumpul berita warga IG ada di kumparan. Kok tumben belum ada update sama sekali? Padahal udah hari kedua. #IndonesiaGelap https://t.co/2OCyADxtxX,netral
365,ngapain aja kita hari ini (#IndonesiaGelap edition) https://t.co/o0ot7AVTxU,netral
366,@prabowo @kaesangp tolong ubah semua nya!!!! buka mata dan dengarkan masyarakat dan rakyat yang melarat akibat ulah pemerintahan bajingan seperti kalian!!! #IndonesiaGelap,negatif
367,terlalu banyak orang jahat dan tidak jujur di negara ini malah semakin membuat membenci negara ini kalian membenci kami jika kami meninggalkan negara ini! tapi sistem pemerintahan saja tidak becus!!!! #IndonesiaGelap,negatif
368,makin scroll x makin mau nangis :'( banyak sekali masyarakat yang bahkan hanya untuk menyuarakan hak nya sebagai wni di bungkam dan gak didengar @prabowo keluar dan berdiskusi dengan rakyat!!!! jangan hanya banyak narasi tapi hasil tidak ada! #IndonesiaGelap,negatif
369,guys report and block akun ini ya. narasinya melenceng #IndonesiaGelap,netral
370,Buzzer-nya Republik Konoha kalap mau nyusul trending topic #IndonesiaGelap yg udh 502rb post... Kurang 496rb-an tuh buat nyusul... Ndasmu https://t.co/1ZSdh7pkHq,negatif
371,Danantara itu investasi klau investasi ya punya jangka waktu. Kalau teriak2 pas lagi unrealized loss terus dipidana ya siapa yg berani ambil keputusan investasi. Dan kelola sebesar itu harusnya manajemen risikonya lebih ketat. Yakin sama pak Prabowo dan pak ET #IndonesiaGelap,positif
372,Makan gratis adalah gagasan Prabowo saat kampanye bukan dari rakyat. Makan gratis tidak pakai duit Prabowo tapi pakai anggaran negara (duit rakyat) puluhan triliun. Maka JANGAN ANTI KRITIK ATAU RAKYAT AKAN TERUS BERGERAK MENJATUHKAN PEMERINTAH. #IndonesiaGelap,negatif
373,#IndonesiaGelap @prabowo : Hidupi @jokowi Masyarakat: Hidup Mahasiswa.,?
374,Banyak Pengamat &amp; Politisi yg saat prabowo terpilih presiden seolah2x agak enggan mengkritik dia. Bagi saya proses keterpilihan pd PEMILU &amp; pemilihan kabinet sdh cukup bukti bhw PRABOWO TAK MAMPU apalagi #FufufafaAibNasional ! #IndonesiaGelap #AdiliJokowi #RombakKabinet,netral
375,Demo Besar'an #IndonesiaGelap Stasiun TV di block agar tidak tayang. https://t.co/dTbyZBXitR,negatif
376,@ardisatriawan Kabinet Acak'an @prabowo #IndonesiaGelap,negatif
377,@KangManto123 Copot Kapolri @ListyoSigitP dan #AdiliJokowi Mulyono @jokowi sekeluarga. #IndonesiaGelap,negatif
378,@MariaAlkaff_ semangat agent of change ! Bawalah perubahan yang lebih baik.. doa kami bersama kalian... #Mahasiswa #DemoMahasiswa #IndonesiaGelap,positif
379,@DS_yantie #IndonesiaGelap Kabinet Coba',negatif
380,DETIK-DETIK PESAWAT DELTA GAGAL LANDING HINGGA TERBALIK: Pesawat Delta Air Lines gagal mendarat di Bandara Internasional Toronto Pearson Kanada Senin 17 Februari 2025. Akibatnya pesawat tergelincir dan terbalik di landasan bersalju. #planecrash #IndonesiaGelap #KaburAjaDulu https://t.co/FNfSzEgJ29,netral
381,Pemecah gerakan kolektif masyarat ya gini. Pengen ASN buruh rakyat mahasiswa turun bareng aksi #IndonesiaGelap tapi masih pake sentimen polarisasi voters pilpres? Ya gini kalo melek politik pas pilpres! Kampungan.,negatif
382,@ARSIPAJA #IndonesiaGelap akibat ulah @jokowi dan @prabowo,negatif
383,Memang jadi pejabat sekarang tidak boleh lebih pintar dari wapres! #IndonesiaGelap #IndonesiaGelap https://t.co/trH63AJNrR,negatif
384,@faridhcrb @PakKarti Setuju Up!!! #IndonesiaGelap . Jauh meninggalkan rakyat Memilih mendukung pengkhianat bangsa,negatif
385,#IndonesiaGelap panjang umur perjuangan,positif
386,#IndonesiaGelap panjang umur perjuangan,positif
387,#IndonesiaGelap panjang umur perjuangan,positif
388,#IndonesiaGelap panjang umur perjuangan,positif
389,#IndonesiaGelap panjang umur perjuangan,positif
390,@Heraloebss Oramg ini malah diinrerview kaga ada yg nangkep? Bener2 #IndonesiaGelap,negatif
391,#IndonesiaGelap panjang umur perjuangan,positif
392,Di tengah demo mahasiswa yang bertajuk #IndonesiaGelap . Si Wowo malah ingin menggunakan hasil efisiensi APBN untuk holding investasi bodong bernama DANANTARA. dgn pengawasnya finalis OCCRP si dungu Mulyono dan ketuanya mantan terdakwa Jiwasraya . Penjelasannya dgn BHS bayi. https://t.co/dLVTp3hhSE,negatif
393,Aksi #IndonesiaGelap itu mudah dilawan tandingannya yaitu #JadilahTerang https://t.co/OMmScj1Guc,negatif
394,Tiongkok/China Total waktu yang diperlukan: Sekitar 40 tahun untuk naik dari negara miskin ke ekonomi global terbesar. Sedangkan di kita Nominasi tokoh terkorup dunia jadi pengawas Danantara? Hei pak coba berpihak dan dengarkan rakyat mu jangan bilang ndasmu #IndonesiaGelap https://t.co/XrdhQox8X1,negatif
395,#IndonesiaGelap panjang umur perjuangan,positif
396,@CNNIndonesia #Indonesiagelap adalah benar. Pejabat korupsi membuat masa depan menjadi CEMAS,negatif
397,#IndonesiaGelap panjang umur perjuangan,positif
398,@islah_bahrawi Kemungkinan terjadi lagi2 di Indo bila wowo wiwi msh 1 kamar #IndonesiaGelap #DarkIndonesia,negatif
399,Menurut sains dan analisa Bu Stella Christie gimana deh? #IndonesiaGelap,netral
400,Sangking sepinya di tv ga keliatan kaget bgt pas HP dah bener buka Twitter berita org dah mulai aksi.. ini kita beneran dibungkam bjir #IndonesiaGelap https://t.co/tRDtpU1aea,negatif
401,percaya lah gw orngnya jarang bikin story wa sebanyak ini. tpi berhubung gw lagi benci + marah ama pemerintah sendiri jadi gw ngamuk dan nyepam story tentang pemerintah bejad ini ! #IndonesiaGelap #AdiliJokowi #IndonesiaGelap2025 https://t.co/tyTLavPrAb,negatif
402,Kemarin aku sengaja berpakaian hitam-hitam untuk ikut aksi #IndonesiaGelap. Eh tiga orang yg kukenal lainnya juga ikut hitam-hitam!,?
403,#IndonesiaGelap panjang umur perjuangan,positif
404,@babufess NDER MAU @mirayclle #IndonesiaGelap,netral
405,Ada alasan mengapa Indonesia Raya umumnya hanya dinyanyikan 1 stanza. Karena pada stanza kedua ada sebaris lirik ini: Sadarlah hatinya sadarlah budinya. Untuk Indonesia Raya Too powerful. #IndonesiaGelap,netral
406,#IndonesiaGelap panjang umur perjuangan,positif
407,terbukti sampe sekarang mereka masih debat #IndonesiaGelap #DarkIndonesia,netral
408,#IndonesiaGelap panjang umur perjuangan,positif
409,Panjang umur perjuangan #IndonesiaGelap #HidupIdolYangMelawan,positif
410,#IndonesiaGelap panjang umur perjuangan,positif
411,Apa yang tidak GELAP Bung? Begitu Jurus Efisiensi engkau TERIAKAN kami semua yang bergantung hidup dari Pekerjaan (hanya gaji Pokok) TERGUNCANG. Perdagangan (lesu pembeli) TERHANTAM. #IndonesiaGelap #CahayaPertolonganAllah,negatif
412,#IndonesiaGelap panjang umur perjuangan,positif
413,Kejahatan (Penjahat) Kerah Putih. Di masa euforia Reformasi 98 white collar crime (istilah penjahat berdasi) merupakan tema yang sering diperbincangkan. Kini Kejahatan (Penjahat) Kerah Putih itu makin dipertontonkan. #IndonesiaGelap,negatif
414,#IndonesiaGelap panjang umur perjuangan,positif
415,#IndonesiaGelap panjang umur perjuangan,positif
416,mau bantu jalur artwork tipis monggo yang mau pake untuk di print or di share via sosmed #IndonesiaGelap https://t.co/V4SbCXcNBM,netral
417,@As_Ali4sghar Coba dibalik apakah pendemo melakukan seperti aparat? Ngeri.... #IndonesiaGelap,negatif
418,#IndonesiaGelap panjang umur perjuangan,positif
419,Reminder pak @prabowo saya tau anda engga tone deaf. #IndonesiaGelap Sing tuwa uga akeh lupute - Orang tua juga banyak salahnya. Itu manusiawi. https://t.co/AFSo9r8RZk,positif
420,@aewin86 Anak mu aja kuliah di LN ini bukti #IndonesiaGelap,netral
421,#IndonesiaGelap panjang umur perjuangan,positif
422,Kurang apa negara Indonesia kita tercinta SDA kita melimpah minyak batu bara emas hutan tanah subur air banyak dan sumber daya Laut SDM jangan di tanya lagi kita no 4 Dunia cuma kurang pemimpin yg jujur Hei pak @prabowo tolong lah jangan cuma omon omon. #IndonesiaGelap https://t.co/1VaxtWCgqj,negatif
423,yang masih ga ngerti liat ini! #IndonesiaGelap #IndonesiaGelap #IndonesiaGelap2025 source: WinNews https://t.co/mutK1GN1Oo,netral
424,#IndonesiaGelap panjang umur perjuangan,positif
425,#IndonesiaGelap panjang umur perjuangan,positif
426,#IndonesiaGelap panjang umur perjuangan,positif
427,#IndonesiaGelap panjang umur perjuangan,positif
428,Btw kalo mau nyebarin press release #IndonesiaGelap jangan lupa ganti region akun jadi Amerika Serikat,netral
429,#IndonesiaGelap panjang umur perjuangan,positif
430,Ahh yang Dikomentari hanya reaksi yang BERLEBIHAN. (Kaset Rusak Anggota DPR) Harusnya donk Ditanya kenapa Anak-anak Bangsa sampai TURUN KEJALAN. #IndonesiaGelap #CahayaPertolonganAllah,negatif
431,#IndonesiaGelap panjang umur perjuangan,positif
432,Pendidikan gratis dan kesehatan gratis bukan makan siang gratis #IndonesiaGelap2025 #IndonesiaGelap #tolakdanantara #AdiliJokowiHargaMati #AdiliJokowiGebukAguan #gama #pagarlaut #km50,negatif
433,@_TNIAL_ @susipudjiastuti @kkpgoid #IndonesiaGelap panjang umur perjuangan,positif
434,#IndonesiaGelap panjang umur perjuangan,positif
435,#IndonesiaGelap panjang umur perjuangan,?
436,#IndonesiaGelap panjang umur perjuangan,?
437,#IndonesiaGelap panjang umur perjuangan,?
438,#IndonesiaGelap panjang umur perjuangan,?
439,#IndonesiaGelap panjang umur perjuangan,?
440,@Anggajaya26 Belajar dari pengalaman...bahaya bila arogan sampai memakan korban jiwa.... resikonya keduabelah pihak akan jadi korban &amp; bisa situsai tambah kacau. ....Benar baiknya mahasiswa keluh kesahnya didengar &amp; dicarikan solusinya. #IndonesiaGelap,?
441,#IndonesiaGelap panjang umur perjuangan,?
442,@kumparan Adili Jokowi #IndonesiaGelap https://t.co/cptf30OLYB,negatif
443,#IndonesiaGelap panjang umur perjuangan,?
444,Kan sueeek bgt di bayar mahal Ogah mikir nyuruh nanem NEGARA GEMAH RIPAH LOH JINAWI Sekarang #IndonesiaGelap #IndonesiaGelap,negatif
445,L marapthon @yourbae Bahas politik tai pro program 02 ini bertiga #IndonesiaGelap https://t.co/tpOeXicXWM,negatif
446,Stay safe buat yang Jumat nanti turun ke jalan. Perlawanan keknya akan panjang dan lama Hidup Mahasiswa Hidup Rakyat #IndonesiaGelap,?
447,kaya najis gitu ya sama pemerintah indonesia #IndonesiaGelap,negatif
448,Sudah menyebar #IndonesiaGelap @Adiprayitno_20 @Anak__Ogi @Dennysiregar7 @JhonSitorus_18 @PaltiWest2024 https://t.co/q2zYiOySq5,netral
449,Gelap... gelap terasa dunia ini #IndonesiaGelap https://t.co/hBXAHZOLoH,negatif
450,#IndonesiaGelap Danantara / Dan antara/ Dana ntar a. Wes wes ,?
451,dan yap prediksi gua bener belom jalan 100 hari pemerintahan udah ada demo udah ada keputusan ga waras. dan yap kita tunggu gebrakan apa lagi yang bakal dibuat sama pemerintah sambil #kaburajadulu men. #IndonesiaGelap,negatif
452,@BosPurwa @prabowo @Kemdiktisaintek @itbofficial apa boleh bilang sirahmu? ukt itb loh belum univ negeri lainnya. #IndonesiaGelap #KaburAjaDulu,negatif
453,TOLAK DANANTARA kebutuhan dasar dulu baru investasi. Pendidikan gratis kesehatan gratis dan pekerjaan layak dulu baru investasi #IndonesiaGelap2025 #IndonesiaGelap #AdiliJokowiHargaMati #AdiliJokowiGebukAguan #tolakdanantara #km50 #pagarlaut #gama,negatif
454,GUYSSSS BUZZER WOWO UDAH PADA BRIEFING DI TIKTOK MEREKA PADA NGUMPUL DI VIDEO DEMO MAHASISWA #IndonesiaGelap pokoknya kalo liat comment yg isinya mahasewa uu perampasan aset atau comment yg merasa ga di wakili oleh mahasiswa itu tamplate mereka! WE HAVE TO MOVE LIKE BUZZER,negatif
455,#IndonesiaGelap #IndonesiaGelap2025 #indonesiagelapgulita ... Ayo nyalakan lilin-lilin semangat dan keyakinan kebenaran pasti mencari jalannya untuk menang... #Allahtidaktidur https://t.co/6zr3szeS45,?
456,Pemerintah bajingan!!! Jangan beraninya menindas anak kecil! Justru adek2 papua ini pintar dan mereka kritis soal carut marut indonesia! #IndonesiaGelap,negatif
457,sangat di sayangkan gw ga bisa ikut padahal pengen banget ikut. Apapun yg terjadi semoga hal-hal baik menyertai bagi siapapun yg ingin menggulingkan rezim #IndonesiaGelap,?
458,gv dzolim disegala aspek kehidupan #IndonesiaGelap #IndonesiaGelap2025,negatif
459,Indonesia sudah tidak seperti bendera merah putih sakit kebijakan dan rindu keadilan #IndonesiaGelap,negatif
460,@Lukesakari Mari kita bantu #IndonesiaGelap #daruratindonesia #PeringatanDarurat #DaruratPendidikan #ArtistBersuara,?
461,@thafism__ REZIM BANGSAT emang! #IndonesiaGelap #IndonesiaGelap https://t.co/fXxv8wBtN5,negatif
462,Siaran tv lucu banget ngeributin #KaburAjaDulu while tagar #IndonesiaGelap lg urgent. Mana bego banget statement menterinya. Zeromedia training for real.,negatif
463,Makin hari makin gelap.. pasti semua merasakan......klau gk coba tanya orang tua kalian gelap gk? #IndonesiaGelap,negatif
464,Siapapun yang tidak pernah melakukan kesalahan tidak pernah mencoba sesuatu yang baru. - Albert Einstein #MacanAsia #IndonesiaEmas #AntiHoax #IndonesiaGelap,netral
465,@watchdoc_ID Nanti aku tonton min. #Indonesiagelap,netral
466,VIRAL 10 MENIT EKSLUSIF BILAWW!!!!! https://t.co/cSUBSO8GXt #IndonesiaGelap #Mahasiswa #asupanviral #viralvideo https://t.co/xaZ8q2VREg,netral
467,Efisiensi untuk Realokasi. #IndonesiaGelap #Ndasmu #NdasmuEtik,?
468,@Gus_Arifin @kemendagri @ditjenhorti Banyak menterinya hanya bisa mbedhil baik lewat kasus abal2x pun mbedhil beneran ! #IndonesiaGelap #RombakKabinet #AdiliJokowi #FufufafaAibNasional,negatif
469,@ike_hw71 @Gerindra Maksudnya ??? Sdh jinak NDASMU‼️ #IndonesiaGelap #KaburAjaDulu https://t.co/Wx9VRRZHcS,negatif
470,@Gerindra Bukanya transportasi publik bakal disubsidi kalau bisa gratis.dia bilang gitu waktu kampanye. Grtais ndasmu #IndonesiaGelap bersama dia,negatif
471,@pakmul63 Sama #IndonesiaGelap #IndonesiaGelap,netral
472,Tertangkap kamera Cristiano Ronaldo tiba diam2 di bandara Kupang sore tadi #CristianoRonaldo #ronaldo #timnas #IndonesiaGelap #kaburajadulu https://t.co/FHwJb5nqmH,netral
473,@DrEvaChaniago Baik terimakasih. Panjang umur perjuangan! #IndonesiaGelap,?
474,Adik mahasiswa sudah pasrah malah di tampol pula. #HidupMahasiswa #HidupRakyatIndonesia #IndonesiaGelap,negatif
475,Warning untuk orang tua!! Ajarin anak² kalian dari kecil bahasa Negara lain misal dari basicnya bahasa Inggris nanti bisa ke bahasa Jepang atau Mandarin (ini bisa les) hal ini sangat penting mengingat negara ini tidak bisa di harapkan untuk masa depan anak² kita #IndonesiaGelap,negatif
476,@Jumianto_RK Kalau BEM mau bikin kebijakan pro rakyat mungkin bisa minta data dari PublicAI! Siapa tahu bisa jadi solusi yang lebih cerdas! #IndonesiaGelap https://t.co/zyPtfasPZK,?
477,Ogah dijadikan TUMBAL! Perampok tambang negara yang dihukum banding 20 tahun akhirnya nekat melawan. Kabarnya pengakuan si perampok tsb bikin gempar se-konoha raya Sisi Lain #IndonesiaGelap https://t.co/uK4D8wC48p,?
478,@JhonSitorus_18 Hanya tinggal tunggu waktu utk ada berita Kami jg manusia bisa salah &amp; gagal... #IndonesiaGelap,?
479,LIATTT KOMENN TIKTOK EMOSII SENDIRIII SHIBALLLL #IndonesiaGelap,negatif
480,@SAIBdelvi Mei 98 belio lengser dgn berbagai macam tuduhan yg diarahkan kpd belio yg menggantikan sekaliber BJ. HABIBIE. Nah kalo skrg misalkan sampai chaos si GENDUT NDASMU ETIK lengser yg menggantikan adalah.... si Bocil Beler sakaw. #IndonesiaGelap Gulita! https://t.co/U4NrhwZxG6,negatif
481,sehat sehat mahasiswaa stay safee #IndonesiaGelap,?
482,Aparat dan preman dipelihara negara. Rakyatnya? Ya sekedar angka aja. #IndonesiaGelap,negatif
483,@rickysmate KEREN BANGET MASHAALLAH SEHAT SEHAT SEMUANYA!!! #IndonesiaGelap,positif
484,VIRAL 9 MENIT EKSLUSIF VERLLYALING!!!!! https://t.co/3R5scXFVzG #IndonesiaGelap #Mahasiswa #asupanviral #viralvideo https://t.co/BLYYzvQP0T,?
485,@BBCIndonesia #IndonesiaGelap gulita. Presiden Omon Omon,negatif
486,VIRAL 7 MENIT EKSLUSIF TERBARU TOKYO!!!! https://t.co/0XcfaUZhTL #IndonesiaGelap #Danantara #asupanviral #viralvideo https://t.co/Dyh5khmewd,?
487,Yak teman-teman. Buzzer pemerintah mulai bergerak. #IndonesiaGelap #daruratindonesia #DarkIndonesia,negatif
488,@kqanzakii Ak mau ikut #IndonesiaGelap #daruratindonesia #PeringatanDarurat,?
489,@bachrum_achmadi Aku menunggumu tersungkur jenderal #AdiliJokowi #IndonesiaGelap #rakyatmelawan,negatif
490,@nyeblakskuyy Tetap Semangat Kakak Kakak di Malang.. Panjang Umur Perjuangan #IndonesiaGelap,?
491,@blackshark7890 #IndonesiaGelap beneran juga ya,?
492,@Yurissa_Samosir @Gerindra @choymarkochoy @ay_prakasa2225 @JamalBoegis @msaid_didu @AmaluddinSSili1 @nomerorae @Boediantar4 @yaniarsim @Panitia68285950 @PutriKayan16645 #IndonesiaGelap . Rakyatnya dimaki maki Ndasmu. https://t.co/s0Cwk01wCL,negatif
493,Masih tidak percaya? coba saja diteruskan. #IndonesiaGelap #KaburAjaDulu,?
494,Hanya ada satu kata; LAWAN !!!#PeringatanDarurat #IndonesiaGelap https://t.co/NcCqiNHMj7,?
495,#IndonesiaGelap Jika aspirasi diabaikan bisa memicu ketidakpercayaan yang lebih besar.,negatif
496, Kata Adalah Senjata Gitu kata Commandante Marcos #IndonesiaGelap,?
497,@msaid_didu #AdiliJokowi #IndonesiaGelap #rakyatmelawan Bantu angkat tagnya,negatif
498,@barengwarga Lanjut... Sampai menang #IndonesiaGelap,?
499,bw ak pergi dr sini #IndonesiaGelap #HidupMahasiswa #tolakdanantara #savekipkuliah #ayowarasjanganbodoh https://t.co/OeLu6P7bu8,?
500,Tapi semua sudah terjadi. Semoga efisiensi anggaran yang mengatasnamakan rakyat dapat dikelola dengan baik bukan dengan uji-coba kebijakan yang membuat rakyat marah. #daruratindonesia #IndonesiaGelap,positif
501,UMY Menolak Diam! Seruan konsolidasi untuk seluruh elemen mahasiswa UMY dalam rangka #IndonesiaGelap https://t.co/PrRzLgmfvc https://t.co/3MHR8TLWof,negatif
502,Woii ada maling teriak maling! #IndonesiaGelap #KaburAjaDulu,negatif
503,Enak kali ya jadi warga ngara korsel atau thailand aja capek banget di konoha liat berita yang ngusahin rakyat mulu kerjaannya duhhhh #IndonesiaGelap,negatif
504,@abu_waras Pak @prabowo lu tuh kalo mau boong mbok yg kira2. Gila aja th.2045 penghasilan segitu bukannya thn.2030 Indonesia Bubar? Itu Wamen yg msh ponakan lu kasih tau pak. Kalo bloon mbok ya jgn kebangetan @bang_dasco @Gerindra #IndonesiaGelap Gulita! https://t.co/zKDIgLIGVR,negatif
505,@Mdy_Asmara1701 baru sekian bulan tapi udah rusak gini paling setahun juga udah ngga ada ni negara dijualin sama para tikus berpeci dan berdasj kayak kalian #IndonesiaGelap,negatif
506,@prabowo salah langkah #IndonesiaGelap,negatif
507,@AnakLolina2 Nunggu semua duaarrr #IndonesiaGelap,negatif
508,Betul sekali tipikal seperti ini sudah banyak sekali dikalangan masyarakat dan entah gimana lagi buat ngubah perspektif mereka terkait kebijakan dari pemerintah kecuali mungkin saja efeknya dapat mereka sadari sendiri tanpa ada yang menyadarkannya #IndonesiaGelap,negatif
509,Bicara masa depan terus yang masa kini aja masih amburadul #IndonesiaGelap,negatif
510,maaf kali ini ga bisa turun kejalan dulu hanya bisa lewat sosmed dlu #IndonesiaGelap,?
511,Ketua MPR Ahmad Muzani Nilai #Indonesiagelap Muncul karena Masyarakat Kaget dengan Kebijakan Prabowo #prabowo #mpr https://t.co/vxiX6C5k4Y,?
512,@seruanhl @prabowo @ch_chotimah2 @AntoniusCDN @Anak__Ogi @Cintada16 @denni_sauya @DS_yantie @HumorJonTampan @kenhans03 @Mata_Netizen62 @NgkongRoses Kalau berani macan #IndonesiaGelap,netral
513,#IndonesiaGelap sampai kapan kalian menindas kami para penguasa kami sungguh lelah dengan kebijakkan kalian yang omong kosong... kurang cukup kah kalian membuat hancur negara ini... dan sekarang kau mau menghancurkan rakyat kalian sendiri...#IndonesiaGelap bukan sebuah # saja.,negatif
514,Tadi temen* pada heboh ngelihat ke jendela katanya dibawah ada orang* yang lewat gtu demo soal #IndonesiaGelap dan kalau soal hal* begini tuh x emang gercep ya infonya.,netral
515,@BiLLRaY2019 Mantap bang adian #IndonesiaGelap,positif
516,@CNNIndonesia Ndasmu! #IndonesiaGelap,negatif
517,iyasih bener 40jt/bulan tp buat warga yg duduk di kursi kabinet aja ehehehe #IndonesiaGelap,negatif
518,Paraaah kan korupsi sudah sampai ke struktur terkecil kemarin kades kohot sekarang kepala sekolah SD. Bener2 #IndonesiaGelap,negatif
519,PEMBEBASAN dari #IndonesiaGelap,negatif
520,@aewin86 @bayud3wa @prabowo @jokowi kita? oh iya maksudnya anda dan para binatang di istana itu kan #IndonesiaGelap https://t.co/HxImHqYU6u,negatif
521,Indonesia gelap beneran kalau gini trs #IndonesiaGelap,negatif
522,@DidiekMurdock Persiapkan diri jangan lengah #IndonesiaGelap https://t.co/rAFM2IWhuF,?
523,Nemu di salah satu group fb bisa jg segayeng ini #IndonesiaGelap https://t.co/zYP8F5K0cG,netral
524,Bangka Belitung .. #IndonesiaGelap,netral
525,Sebarkan #IndonesiaGelap,netral
526,@AirinDatangLagi @islah_bahrawi Ini biang kerok #IndonesiaGelap,?
527,INI DIAAA PASUKAN TIAP DEMO #IndonesiaGelap,?
528,Panjang umur perjuangan #IndonesiaGelap,positif
529,Ya banyak masalah ga akan terjadi kalo ga banyak kebijakan yg kontroversi. Masalah yang ada pun ada yg direkayasa sehingga 'solusi' nya dibuat² dan kalian serasa heroik sekali. #IndonesiaGelap #KaburAjaDulu @washingtonpost @HuffPost @HuffPost @MilanPosts https://t.co/Nw3LtaxW84,negatif
530,@jackjackparrr Semangat para mahasiswa #IndonesiaGelap #IndonesiaGelap2025,positif
531,@b0b0vsky88 Alerta alerta indonesia tidak sedang baik baik saja #DarkIndonesia #IndonesiaGelap https://t.co/UqRDq5I6yV,negatif
532,hidup mahasiswa! #IndonesiaGelap,positif
533,@emgininamakuu Harus dibatalkan dan dikawal ini coy... #IndonesiaGelap #AdiliJokowi ,negatif
534,MBG seperti memberikan ikan bukan alat pancing ikan. MBG lebih pada peningkatan ekonomi. Yang benar rakyat butuh pendidikan gratis dan berkualitas. Akibat MBG rakyat memiliki mental disuapin. #IndonesiaGelap,negatif
535,Perjalanan 18 jam melalui laut Jawa. #KaburAjaDulu #Indonesiagelap #Ndasmu https://t.co/tUCY9RcKbN,netral
536,Pemerintah stop bikin kebijakan yang GAK BIJAK. Negara bukan punya kalian doang! #IndonesiaGelap https://t.co/1LnaKLx7Px,negatif
537,Momentum #prabowo sebelum bilang #Ndasmu ! Sambil tertawa riang kepada #petani #petambak #nelayan #HNSI #Buruh #pedagang #pengusaha hasil laut #mahasiswa. #IndonesiaGelap,negatif
538,Semoga Indonesia bisa se-terang grafis nya ya. #IndonesiaGelap #IndonesiaGelap2025 https://t.co/YwrSzmGXLQ,positif
539,SEMANGAT KAK² MAHASISWA #IndonesiaGelap #planecrash #mahasiswademo https://t.co/kmqC9iqPOA,positif
540,@NenkMonica Kekejian jokowi di distribusikan melalui prabowo. #IndonesiaGelap #AdiliJokowi #FufufafaAibNasional,negatif
541,Keren #IndonesiaGelap #IndonesiaGelap2025 #Ndasmu,positif
542,Baru buka X baru tau keadaan negara ini #IndonesiaGelap,negatif
543,Ndasku mumet Ndasmu Piye? #IndonesiaGelap https://t.co/NmONIMN7wc,negatif
544,@faridhcrb Yuks #IndonesiaGelap,netral
545,Indonesia tambah gelap karena perlakuan anggota POLRI #IndonesiaGelap,negatif
546,Semua orang bisa berdiri di atas situasinya dan mendapatkan kesuksesan bila mereka mendedikasikan dan bersemangat dengan apa yang mereka kerjakan. - Nelson Mandela #MacanAsia #IndonesiaEmas #AntiHoax #IndonesiaGelap,?
547,Media luar aja sampe nyorot gini yg didalem adem ayem aja. Masih coba ngeles lagi. Ga malu? #IndonesiaGelap #KaburAjaDulu,negatif
548,@enoliska_ Panjang umur perjuangan... Sehat selalu Kakak... #IndonesiaGelap,positif
549,Prabowo pasti sedang stres dan bingung mengapa program MBG-nya yang keren itu malah diprotes. #IndonesiaGelap,negatif
550,SAMA kekk ga udah udah tapi emang kondisinya belum UDAH ini mah #IndonesiaGelap #IndonesiaGelap2025,?
551,@_mardial_ @corbuzier haduh malu bgt kalo jadi azka #IndonesiaGelap,negatif
552,Mahasiswa adalah pelopor sekaligus pemimpin oposisi demokrasi yg paling baik dlm mengontrol kebijakan pemerintah di banding partai politik yg ada di indonesia. Maka dr itu mari kita dukung mereka walau hanya dgn doa. #IndonesiaGelap #IndonesiaGelap2025,positif
553,@tanyarlfes Seragam coklat gendut gendut gini masuknya pasti ngejual sawah/tanah ortu dulu nih. #DarkIndonesia #IndonesiaGelap,negatif
554,Menteri-menteri sialan!!! #IndonesiaGelap,negatif
555,Langsung dibayar kontan mahasiswa #IndonesiaGelap #KaburAjaDulu,negatif
556,help di ig masih adem ayem soal #IndonesiaGelap ,negatif
557,@neohistoria_id Setuju. #KaburAjaDulu #LawanAjaDulu #IndonesiaGelap,positif
558,Breaking News makin rame gini kenapa kalian diam. #IndonesiaGelap #KaburAjaDulu #TimnasDay https://t.co/HCSyKTOLJD,negatif
559,@illusylus @MailOnline @CBCAlerts @AlJazeeraWorld @AlJazeera @EpochTimes @nytimes @washingtonpost @BBCWorld @BBCBreaking Semoga kita semua bisa bertahan di negara ini. Semoga semua keadaan menjadi lebih baik. #IndonesiaGelap @MailOnline @CBCAlerts @AlJazeeraWorld @AlJazeera @EpochTimes @nytimes @washingtonpost @BBCWorld @BBCBreaking,positif
560,@JhonSitorus_18 Ayo pindah bank massal gaes... Selain demo kita bisa memberi pelajaran pada rejim laknat ini apa jadinya jika bank bumn kosong... #IndonesiaGelap #Danantara #AdiliJokowi ,negatif
561,@andikamalreza Gini cara ngisinya gak sih? Wkwkw. Ayo selesai gak selesai ANGKET KRITIKnya dikumpulkan WKWKWK #IndonesiaGelap #IndonesiaGelap2025 https://t.co/HULVtEF1d3,negatif
562,Kalo apbn jd kecil yg diperas buat nutup anggaran siapa? Siapa pengawas danantara? Bakalan jd ladang korup baru kah? Danantara ini kalo bahasa kasarnya lu inves bukan pake duit lebih tp dr duit belanja pokok bulanan hasilnya bakalan seperti apa? ‍️ #IndonesiaGelap,negatif
563,@BosPurwa @ListyoSigitP @DivHumas_Polri Kalo sama koruptor sopan dan lemah lembut. Gilirana mahasiswa digebukin kayak maling. #IndonesiaGelap,negatif
564,nih....dari pada invest ke danantara lebih baik kembalikan fungsi dana BUMN untuk perbaiki infrastruktur! selalu uarakan kekhawatiran dan keresahan!!! #IndonesiaGelap #daruratindonesia #PeringatanDarurat,negatif
565,Tadinya sdh bangga punya presiden yg cerdas tdk plonga-plongo(kaya sebelumnya) bisa speak up dgn fasih di dunia internasional tdk tunduk sama asing. Ehg dianya malah milih tunduk dan patuh sama raja jawa Mulyono @jokowi Punya presiden tapi boneka kocak #IndonesiaGelap,negatif
566,2 kata lucu : HIDUP JOKOWI 1 kata lucu : NDASMU #IndonesiaGelap,negatif
567,@jaheefox_ @Susustroberri Bantu tagarin #IndonesiaGelap aja biar penyesalannya terbukti,negatif
568,Mau nangis aja lihat negara ini :( #IndonesiaGelap,negatif
569,@nct_menfess Sekali NgeX Cukup Dua Hastag Saja #IndonesiaGelap #IndonesiaGelap,netral
570,@nongandah Semoga berhasil dan sehat selalu... #IndonesiaGelap,positif
571,Hari ini hanya seorg Rocky Gerung yg diizinkan u/ melanggar pagar api yakni naik ke panggung aksi #IndonesiaGelap bukan berarti stok alumni UI menipis. TIDAK! Justru lebih byk lagi yg tak hanya melompati pagar api itu tetapi mengibarkan &amp; mengobatkan NYALA lbh berkobar! https://t.co/RVg4as8rMi,negatif
572,STOP EFISIENSI ANGGARAN! @prabowo #IndonesiaGelap,negatif
573,#IndonesiaGelap Akar semua masalahnya adalah PEJABAT KORUP dan KORUPSI!!!!,negatif
574,@babufess MAU NDER @lassitudelle #IndonesiaGelap,netral
575,Insyaallah. Ada waktu hadir #revolusinegeriku #IndonesiaGelap,netral
576,Si kodok ni malu ga sik nontonin pidato dia yg ini askkdfhgskdhlslkj #AdiliJokowi #PeringatanDarurat #IndonesiaGelap,negatif
577,Masih #IndonesiaGelap,?
578,@Mata_Netizen62 @Roebanie @JhonSitorus_18 @HumorJonTampan @denni_sauya @Anak__Ogi @ahmad_bellamy #IndonesiaGelap ..? #sekarangwaktunya Sekelas KADES di tangani Mabes polri Kapolres Kapolda Kenapa? https://t.co/mLXqe0LgUr,negatif
579,Ditengah #IndonesiaGelap Mahasiswa berjuang berusaha menyalakan terang,positif
580,entah ini kebetulan atau apa Lord rangga sudah bilang 2 taun yg lalu #IndonesiaGelap Source : menit 7-10 https://t.co/bjdlJTdhep,netral
581,Prabowo lupa sejarah bagaimana mantan mertua nya tumbang #IndonesiaGelap,negatif
582,Bulan Depan Gak Ada Lagi #IndonesiaGelap Aku Pengen Negara Kita Ini Gak Ada Lagi Gelap-Gelapan Saatnya Untuk #IndonesiaBercahaya,positif
583,@jackjackparrr TERUS LAWAN .. SAMPAI MENANG #IndonesiaGelap #IndonesiaGelap2025 #PeringatanDarurat #daruratindonesia #AdiliJokowi #AdiliPrabowoGibran #KaburAjaDulu #DemoMahasiswa,negatif
584,MBG : makan bareng Gendut #EfisiensiAnggaran #IndonesiaGelap,negatif
585,Sehat-sehat semua pak. Berjuang Untuk menyinari #IndonesiaGelap,positif
586,UGM gimana sih kok yg dikasi mimbar malah capres cawapres kalahan huuuuuwww Kasi dong mimbar buat presiden terbaik kitaaa. Finalis dunia occrp loh iniii. Gimana sih UGM niihh tidak hormat gitu huwww https://t.co/liP1lMDTdX #IndonesiaGelap,negatif
587,@papa_loren Semakin hari semakin gelap #IndonesiaGelap #AdiliJokowiHargaMati,negatif
588,@prabowo hidup rakyat hidup jokowi ️ #IndonesiaGelap,positif
589, fasis yang baik adalah fasis yang mati tunggu dijalan yang sama saat kalian mengancam kami buat #IndonesiaGelap https://t.co/sSgPQFrEQn,negatif
590,@Mata_Netizen62 @Urrangawak @Roebanie @Marbot_Udien @kenhans03 @JhonSitorus_18 @HumorJonTampan @denni_sauya @ch_chotimah2 @BiLLRaY2019 @barengwarga #IndonesiaGelap Au ah lap..,netral
591,Kami Cinta Indonesia TAPI tidak Cinta NDASmu paham..?! dah Gitu aja. #IndonesiaGelap #DarkIndonesia https://t.co/7YfzMWlAyH,negatif
592,@MurtadhaOne1 @kemkomdigi @Gerindra Pejabat negara asn bikin hoek bukannya dipecat malah dibayar dia asyuuuuu ;( #IndonesiaGelap,negatif
593,Semangat ngrampog. Lepas tanggung jawab. Rata2 penguasa era demokrasi sekuler. #IndonesiaGelap tanpa #SyariahKaffah,negatif
594,@tatakujiyati Jadi ngeri sedap neh nyelengin di bank plat merah #IndonesiaGelap,negatif
595,Membela jokowi..ndasmu pea g*blok #DarkIndonesia #IndonesiaGelap,negatif
596,@nirby Cnn luar dan disini sama² gak beres #IndonesiaGelap,negatif
597,Habib Syakur Ali: Demo Mahasiswa #IndonesiaGelap Pesanan https://t.co/uWoMtafRQX,netral
598,Janganlah memancing rakyat tuk bertindak ! Disaat rakyat bereaksi kalian katakan Mahasewa ada yg tunggangi lah Ini pembelajaran tuk kita semua &amp; lain kali jangan memancing reaksi rakyat Tanpa Omon² rakyat rakyat membayar ucapan anda #IndonesiaGelap https://t.co/SkGMDWS2OO,negatif
599,@DrEvaChaniago Semua pergerakan ada yang menunggangi... Sebutkan di belahan bumi mana pergerakan tidak ditunggangi??? Pergerakan IKN pagar laut pencurian nikel dll itu gak mungkin tidak ditunggangi!!! Itulah kenapa #IndonesiaGelap,negatif
600,Udh makan aja pea...g*blok ndasmu #DarkIndonesia #IndonesiaGelap,negatif
601,pagi smua #IndonesiaGelap #DarkIndonesia https://t.co/SVdFegU9Kb,netral
602,Oke gua marah. Soal siapa yang lo pada pilih pas kemarin pemilu gua udah gak urus. Sekarang gua tanya Lo berpihak ke sisi mana? #Indonesiagelap https://t.co/ofckOkciQM,negatif
603,@JaenoXTM @Opposisi6890 @PDI_Perjuangan @jokowi 3 Trump #IndonesiaGelap #ThamePoSeriesEP11 NEXT STEP FOR SUCCESS #KamiBersamaSukatani #kinerjapelayananprima PDIP #NewtopiaEp4 Starmer and Macron #twlxrir Fadli Zon jangan gampang ngegas https://t.co/liA4emTINC,netral
604,gue rasa sebagian dari mereka mikirnya demokrasi cuma waktu pemilu aja sih. gada itu ngawal kebijakan. mungkin gabisa connecting dots juga kalau (misal) gas langka itu akibat dari suatu kebijakan horeg. #IndonesiaGelap,negatif
605,@Dee_Rose82 Kepala buntut ancur #IndonesiaGelap,netral
606,Kopong Tanpa Isi... *Bayar stafsus hasil nya 11-12 KOPLAK nya sama pelawak2 peliharaan yg title nya sarjana....* Tonton sambil ngopi dan senyum2... Bener kata adik kita di penutup... #IndonesiaGelap https://t.co/BeWDT4QDrK,negatif
607,@DokterTifa Ekspektasi kita macan lebih dari sekedar mengaum nyatanya mengeong pun liat liat sikon. APES #IndonesiaGelap #rakyatmelawan,negatif
608,Q : Kenapa sih negara ga berdaya melawan judol dan sabu? A: Biar kita ga banyak bacod #IndonesiaGelap https://t.co/wklId8IYhW,negatif
609,@eradotid Ini lucu dan aneh. Pendemo dapat darimana bom molotov. Selama demo damai aja tuh. Ngapain juga ngelempar ke polisi. Ini mah polisi lempar bom molotov ke polisi juga. Polisi serang polisi polisi serang pendemo bukan pendemo serang polisi. #IndonesiaGelap,negatif
610,@suncodedlikers Izin ikut yahh #IndonesiaGelap,netral
611,keren amat #IndonesiaGelap,positif
612,@BudiBukanIntel Apa yang bisa diharap dari mereka yang sekedar latih otot ketimbang otak. Apa yang bisa diharap dari mereka yang terbiasa memenjarakan orang ketimbang mereka yang terbiasa membebaskan pikiran #IndonesiaGelap,negatif
613,Dalam RUU Kejaksaan satu perkara yang ditangani polisi &amp; bisa diberhentikan oleh Kejaksaan lalu siapa yang bertanggung jawab? Ini tidak jelas &amp; berpotensi menimbulkan ketidakpastian hukum. #1312Forever #IndonesiaGelap https://t.co/YAzXl6e4wl,?
614,Cepat pulih indonesiaku #IndonesiaGelap #DarkIndonesia,positif
615,Pagi² nangisin indonesia #IndonesiaGelap,negatif
616,Sama anak sekolah mereka gini?? #IndonesiaGelap,negatif
617,Lah ini kan cuma lukisan kenapa pake dikecam? Tersungging lu? Bener dong berarti? #IndonesiaGelap #DarkIndonesia #AdiliJokowi https://t.co/LN2XxN8zfz,negatif
618,@NAsBtati @FakhruziYusal @KompasTV Betul... tapi terpaksa karena perpanjang SIM dan STNK. Mobil dah jual karena Ribet dan dah Capek urus Mutasi nya. #KamiBersamaSukatani #IndonesiaGelap,negatif
619,#IndonesiaGelap is F' Stupid! Go more explore in Indonesia Brighter and Powerful! Mahasewa sekarang gobloknya ga naker. Heran gw. Malu eh jadi alumni yellow jacket. https://t.co/NZbDGvKFNT,negatif
620,#IndonesiaGelap selama beberapa hari ini. #bbcnews #bbcnewsindonesia https://t.co/jjdAZ69DR2,netral
621,@01iann kak ian terima kasih banyak atas raffle-nya!! art style-mu cakep banget aku suka... mau digambarin ocsona-ku mei style anime! © bakmichillioil XOXO4Dear (picrew) #IndonesiaGelap https://t.co/JTkBLwpbtQ,netral
622,@berlianidris #IndonesiaGelap semoga berlalu,positif
623,98 mertuanya..2025 mantunya...yukkk bisa #DarkIndonesia #IndonesiaGelap,negatif
624,@dhemit_is_back Tolong fokus pada tuntutannya bukan penggiringan opini siapa dalang dibalik demonstran yang turun ke jalan. Anyway yang turun ke jalan dan bersuara sudah pasti rakyat Indonesia yang ingin hidup berkeadilan dan damai. #IndonesiaGelap,positif
625,@Muslim_AntiPKI9 @DediMulyadi71 Anak2 Setan Ini Pas Ditangkep Nanti Mak Bapaknya Yang Mungkin Kayak Setan Juga Bayar Polisi... Selesai... #AdiliJokowi #IndonesiaGelap ..,negatif
626,sekelas CNN masa buzzer wkwkwk #IndonesiaGelap,negatif
627,Desember 2024 ramai masalah PPN 12%. Ada post di X begini gw download (lupa siapa yg post izin share gan). Ternyata kejadian beneran anjir #IndonesiaGelap #KamiBersamaSukatani https://t.co/SwUJFLd2rR,negatif
628,@geloraco Kesalahan masyarakat paling tinggi urusan kriminal. Kesalahan penguasa adalah mslah konstitusi dan rusaknya sendi2 kehidupan bernegara yg mempengaruhi hajat kehidupan masyarakat banyak ... Otak mu masih waras ngak @fadlizon .... ?!! #IndonesiaGelap https://t.co/svgN7AECxq,negatif
629,Di saat TV Nasional Senyap Tiarap dan Tak punya nyali Indonesia Gelap muncul beritanya di NHK Japan. Ndasmu Mendunia #IndonesiaGelap https://t.co/G3t8PzLbgt,negatif
630,@01iann Haii thanks untuk art rafflenya aku mau ocku style anime deh &gt;&lt; PANJANG UMUR PERJUANGAN #IndonesiaGelap #IndonesiaGelap #IndonesiaGelap,netral
631,@txtdrberseragam #IndonesiaGelap ... Tetap,netral
632,Para pejabat mah masih terang benderang ga kaya rakyat udh ngerasain #IndonesiaGelap.,negatif
633,Media mulai bangun khusus media buzzer. #IndonesiaGelap,negatif
634,@DrEvaChaniago @CNNIndonesia @bemui @barengwarga @BEMUI_Official Semangat.... Pake Kembang api biar #IndonesiaGelap jd terang bkn pake bom @CNNIndonesia Masa awal tahun awal presiden baru yg hebat #IndonesiaGelap,negatif
635,Politik itu lucu bro n sist Ada yang Nurut Partai ada yang Nurut Presiden. Saya coba berpikir: kalau sekelas Kepala Daerah saja bingung ikut siapa bagaimana dengan Rakyatnya kayak saya?. #Politik #suarakami #IndonesiaGelap #Indonesia #demokrasi,?
636,Mereka bisa mematikan lampu menutup media dan membungkam suara tapi mereka tak akan pernah bisa memadamkan perlawanan kami! #IndonesiaGelap #PeringatanDarurat #hidupperempuanyangmelawan #KaburAjaDulu https://t.co/0MW54V8Xc0,negatif
637,@RajaJuliAntoni Ada juga pelayan oligarki #indonesiagelap,negatif
638,@neohistoria_id Buzzer kampret emang dia yg provokasi trrus dr tweet2nya..suka dimatiin pula kolom replynya Suarakan #IndonesiaGelap,negatif
639,Berkaca sama negara tetangga plis gak malu lu dzolim ke rakyatnya sendiri? @prabowo #DarkIndonesia #IndonesiaGelap,negatif
640,@PDI_Perjuangan Ngga Ngaruh PDIP sama Saja Apalagi Jokowi Gibran Dan Prabowo. Kelakuan Kalian Semua Hanya Bikin Rusak Negara. Saatnya #RevolusiTotal Mesti Dikumandangkan Demi Menyelamatkan #NKRI Tercinta Dari Orang Jahanam Ini. #IndonesiaGelap #RevolusiTotal,negatif
641,#IndonesiaGelap #DarkIndonesia Siang JANGAN GAMPANG NGEGAS Patung Kuda #jokowi #fadlizon #JAKE https://t.co/0JrTCBNTyv,negatif
642,@PaltiWest2024 Kek Manusia gini di terima jadi kader oleh @Gerindra. Kacau.. #IndonesiaGelap,negatif
643,Siapapun dia mau berjuang melalui cara apapun adalah bentuk perlawanan mereka. Asalkan mereka tidak hanya berdiam diri atau mencemooh perjuangan orang yang sedang melawan demi mendapatkan hak sebagai warga negara Indonesia yang seharusnya diperoleh dari lama #IndonesiaGelap,positif
644,@CNNIndonesia Kalo KPK &amp; Kejaksaan murni independent (bukan suruhan elu) Elu pasti bakal dipenjara... Bukti gratifikasi jet pribadi blok Medan kecurangan aplikasi SiRekap bansos pemilu dll. Bukti udah banyak! Bacot aja lu Mul... #AdiliJokowi #IndonesiaGelap #DarkIndonesia,?
645,BLUNDER TERUS CAK #IndonesiaGelap #IndonesiaGelap2025,negatif
646,SEBARKAN TEBARKAN HASTAG #IndonesiaGelap NEGRI 'NKRI' KITA YANG SEKARANG SEDANG LAGI GA BAIK BAIK SAJA,negatif
647,@BosPurwa Memang informasi #IndonesiaGelap mau ditutup2?,negatif
648,#IndonesiaGelap Apa rencana selanjutnya kalau demonstrasi kalian tidak ditanggapi pemerintahan ?,?
649,@Mdy_Asmara1701 Jogya Iki Bos quh .. #DukungMahasiswa #IndonesiaGelap https://t.co/59yWKDva8K,negatif
650,@FaGtng Bisa gak sih wajah para aktor itu disiram kopi? Krn udah buat #IndonesiaGelap,negatif
651,Efisiensi berlaku hanya utk kepentingan rakyat. Pejabatnya boleh pesta pora dan joget.. #IndonesiaGelap,negatif
652,Gw pengen banget liat azab pemerintah di dunia #IndonesiaGelap,negatif
653,hahay lucu bgt karna demo n hashtag #IndonesiaGelap gue jd menemukan orang yang gue cari tp ga ketemu di ig mana w liatnya pas blio lagi kasih orasi wkwk sangat lucu,?
654,@DrEvaChaniago @CNNIndonesia @bemui @barengwarga @BEMUI_Official KEREN UNI #IndonesiaGelap,positif
655,@neohistoria_id Gile kan serangannya mulyono cs Suara rakyat makin deras bersuara dimunculkan hasto jd tersangka supaya suara rakyat terpecah.. Ayoo jng kendor para pejuang!! Serukan #IndonesiaGelap #IndonesiaGelap,negatif
656,@01iann Mau digambar Kyungsoo wkwkwkwkwk style nya anime aja #IndonesiaGelap https://t.co/oj932pD8Ts,netral
657,Makasar #IndonesiaGelap,netral
658,Bukan mahkota yang menjadikan seseorang bijak tetapi hati yang tulus dan pikiran yang jernih. #IndonesiaGelap,netral
659,Bukannya mau sok pinter tapi knp ya mereka cara berlogika sesederhana itu aja gak sampe #IndonesiaGelap,negatif
660,@CNNIndonesia Lo bajingan CNN luar negeri maupun dalam negeri sama aja! #IndonesiaGelap,negatif
661,Kebesaran bukan selalu tentang takhta tetapi tentang kebijaksanaan dalam memilih jalan hidup. #IndonesiaGelap,netral
662,Menjadi raja butuh lebih dari sekadar nama. Kebijaksanaan dan kesabaran adalah mahkota sejati. #MaknaKepemimpinan #IndonesiaGelap,netral
663,@DImmortha @RajaJuliAntoni Mentri Anjing mmng harus dianjing anjingin #IndonesiaGelap #DarkIndonesia #AdiliJokowi,negatif
664,Viralkan #PDIP #Sontoloyo #IndonesiaGelap https://t.co/VEGIMSE4rO,netral
665,Sekali kali judulnya MAHASISWA di tembak Aparat gituu lhooo min #DarkIndonesia #IndonesiaGelap,negatif
666,Makasar dan Bandung menyala Jumat 21/2/2025 Pak @prabowo lihat dan dengar aspirasi mereka. Indonesia sedang tidak baik-baik saja. #IndonesiaGelap #AdiliJokowi Bandung. Makasar https://t.co/Q4eGwhLWkp,negatif
667,Allaahumma shoyyiban naafiaan... #IndonesiaGelap,netral
668,@detikcom Duit apbn habis banyak porsi paling gede smp rakyat ga kebagian kesehatan dan pendidikan #IndonesiaGelap,negatif
669,Nggedabrus. Mbelgedes. Kasus pembunuhan Gamma aja dikarang2 kok apalagi yg ini. #KamiBersamaSukatani #IndonesiaGelap #DarkIndonesia #GammaDibunuhPolisi,negatif
670,Momen epik #IndonesiaGelap Bayar....bayar..... https://t.co/iqV4Oq3LbP,netral
671,Cuuuuk Negara ini punya raja solo #IndonesiaGelap #IndonesiaGelap,negatif
672,@abu_waras panjang umur perjuangan... mendoakan menyemangti para peserta demo #IndonesiaGelap,positif
673,2/30 Pas banget beres ketika ramai #IndonesiaGelap https://t.co/sMAMilykbV,netral
674,JANGAN SAMPAI KARYA KALIAN YANG DIHENTI BARU MENYESALI!!! #IndonesiaGelap,negatif
675,Aaah masak Pak Kapolri @ListyoSigitP Klo gak Anti Kritik Kok Minta Grup SUKATANI disuruh minta Klarifikasi..?! padahal cuma Lagu DAN tidak menyebutkan Polisi sebuah Negara KOCAK pak masak jadi Baper Pak itu Oknum2 #IndonesiaGelap #DarkIndonesia,negatif
676,#IndonesiaGelap Media lokal dibungkam dan saatnya seluruh dunia tau segimana bobroknya pemerintah negara ini,negatif
677,@dailyppang ntar masuk neraka ketemu pejabat Indonesia lagi huf tahan aja kak #IndonesiaGelap #ArtistBersuara #KamiBersamaSukatani,negatif
678,Memori epic perjuangan rakyat dan mahasiswa 🇮🇩 Melawan penjajah pemerintahan oligarki sebabkan #IndonesiaGelap Untuk Segera #AdiliJokowi karena #JokowiPerampokAPBN https://t.co/UvYUhD9mAP,negatif
679,@catpricen Semoga akun dan gacha nya Cen menang rate off selaluu #IndonesiaGelap wml,netral
680,Media @CNNIndonesia memfitnah para peserta aksi demo #IndonesiaGelap dengan narasi jahat : 1. Pendemo bakar barrier pembatas jalan 2. Pendemo lempari polisi dgn bom molotov 3. Pendemo menyerang aparat. Media mainstream udah jadi buzzer pemerintah. #IndonesiaGelap,negatif
681,@Fuzui_jamrd Semakin dilarang semakin viral #IndonesiaGelap #IndonesiaGelap2025,netral
682,Dua kali pemilu 2 kali jg relawan militan pak wowo setelan menjabat hasilnya segini gak lain. #IndonesiaGelap https://t.co/UxoWCvQ4ac,negatif
683,@catpricen Smg trus wangy mngharumkan #IndonesiaGelap,negatif
684,@chuuyaa_oc Hehehe makasihh Chuu yuk ikutan sekalian buat naikin HT #IndonesiaGelap,netral
685,@hrdbacot #angkatlanyardmu hahahahah bagusss #IndonesiaGelap,netral
686,@NarasiNewsroom Kereeen ibu-ibu.. #IndonesiaGelap,positif
687,Please anak-anak mahasiswa2 yg pinter bergeraklah dengan strategi dan seluruh kepintaran kalian... jadilah selangkah di depan mereka2 yg pake cara licik menggembosi pergerakan kalian Sayang. Emak2 dari rumah menunggu gebrakan kalian menyelamatkan negeri. #IndonesiaGelap,positif
688,Stop ngeluh soal demo! Kalian mau perubahan tapi gaada kontribusi sama sekali njing! #IndonesiaGelap,negatif
689,@tempodotco Wowo memang GOBLOK! #IndonesiaGelap #Ndasmu11,negatif
690,@humaniesproject Kereeen humanis.. #IndonesiaGelap,positif
691,buka twitter makin tambah sadar #IndonesiaGelap bangett,negatif
692,@Penyuka_ombak Ribuan mahasiswa turun ke jalan #IndonesiaGelap https://t.co/1SK0rS96Ax https://t.co/IV7tyAVYSv,netral
693,@CNNIndonesia Bung @NataliusPigai2 Anda tidak tertarik mendalami kasus ini? Menyanyi (berbicara) mengungkap isi hati dan pikiran sudah tidak aman sekarang. Apakah Definisi HAM di NKRI 🇮🇩 ini hanya yang sesuai selera masing²??! @KomnasHAM Makanya #IndonesiaGelap. 1312 https://t.co/H9JUX6IQz8,negatif
694,@Mia_Kyushu Dan pada lihatin hp masing2... #IndonesiaGelap,netral
695,@normelpeople Panjang umur perjuangan !!! #IndonesiaGelap #DarkIndonesia #Sampa https://t.co/1yev5jt7pw,positif
696,Makin suram aja nah yg begini pas kalau disebut #IndonesiaGelap saya setuju,negatif
697,Dengan lantang dan gagah dulu memilih beliau sekarang orang orang itu turun kejalan dengan membawa banner #indonesiagelap,negatif
698,Bangsatt duit duit lu semua dipake bayar buzzerbuzzer goblog tolol pekok kosong KAGAK IKHLAS ANJGGG FUCK INDONESIA GOVERNMENT! #IndonesiaGelap,negatif
699,#IndonesiaGelap #IndonesiaGelap2025 #DarkIndonesia media luar beraksi kawal terus sampai menang! https://t.co/KjVa83UFti,negatif
700,@penikmatkudapan @fadlizon @fadlizon Sontoloyo! JILATANmu luar biasa! Hati2 lihat tampangmu dah gak lama lagi. #Penjilat #IndonesiaGelap #Ndasmu11,negatif
701,Indonesia yg sekarang masih kurang gelap bagi luhut #IndonesiaGelap #Danantara,negatif
702,@BosPurwa @prabowo #IndonesiaGelap dan harus dikritik agar tidak menjadi semakin gelap,negatif
703,media media udah dibungkam dan jadi musuh #IndonesiaGelap,negatif
704,@01iann congrats buat 500 jeti nya ian! aku nitip karina di style anime dong~ #IndonesiaGelap #peringatandarurat #artistbersuara,netral
705,Terus semangat menyuarakan kebenaran dan keadilan. Bravo mahasiswa Hidup rakyat Indonesia #IndonesiaGelap #IndonesiaGelap2025,?
706,Lucu bin ironis....mo nyanyiin lagu aja kudu izin polisi....ya pantes aja #IndonesiaGelap,negatif
707,@GUSDURians Harusnya Banser yang paling depan ni aksi #IndonesiaGelap sebagai represntasi gusdurian. Eh.. skrng mah jadi anjing oligarki karena udah makan duit tambang Asu.. asu..,negatif
708,Bangsa ini besar perlu dikawal bersama. Senang melihat generasi muda dalam rangkaian aksi #IndonesiaGelap memuat salah satu tuntutan agar pemerintah merancang kebijakan berbasis riset ilmiah. Budaya ilmiah mesti di habituasi untuk menciptakan peradaban yang lebih baik,?
709,@pakaipeci Skincare terbaca sindiran thd mrk yg usung #IndonesiaGelap ... Modelan bokep...eh bokap fufufafa demen pake bhs-bhs simbol ! wkwkwk...,negatif
710,Aksi Indonesia Gelap Massa Teriakkan Ganyang Fufufafa #IndonesiaGelap2025 #IndonesiaGelap https://t.co/SbFYPjmM49,negatif
711,@KontraS @barengwarga Panjang umur perjuangan #IndonesiaGelap #IndonesiaGelap2025,?
712,@jackjackparrr Akibat @prabowo bela Jokowi selaku finalis @OCCRP perlawanan rakyat dan mahasiswa semakin membesar #IndonesiaGelap #IndonesiaGelap2025,negatif
713,Terbukti ucapan Gusdur bhw partai ini selalu melawan hukum. Dan terbukti ucapan Jokowi bhw kebenaran akan terungkap. Jangan mengalah pak! @prabowo @Gerindra @bang_dasco @habiburokhman @fadlizon @MuzaniGerindra @andre_rosiade @Dahnilanzar #PDIPkomunis #IndonesiaGelap,?
714,@geloraco sebegitunya thd kritik .. #KaburAjaDulu negara demokrasi tapi bingung .. #IndonesiaGelap,negatif
715,@01iann Selamat sudahh 500 followers!! Izin ikutan yaahh mau di gambarin Luffy style chibi . #IndonesiaGelap #ArtistBersuara,netral
716,@MoelyonovDj4liL KurangAnjing apalagi coba! #Penjilat #IndonesiaGelap,negatif
717,@toe_giman Manusia yg sdh membuat #IndonesiaGelap .... ‍️,?
718,Ternyata ketika kita ngumpul lagi bareng temen lama yang mahal itu bukan kopi dan makanannya tapi waktunya... Selamat Pagi Indonesia Masih Gelap #IndonesiaGelap https://t.co/yOda425iVN,?
719,Tiba2 kangen pengen ngopi ngobrol diskusi dan mendengarkan nasehat lagi dari beliau berdua Cerita tentang sejarah bangsa pemberontakan PKI Orla Orba ABRI Revolusi dll Tapi salah satu dari 2 senior Pamungkas ini sudah tiada (al-Fatiha). #IndonesiaGelap #KamiBersamaSukatani https://t.co/lMzaaMbI3a,?
720,@AntoniusCDN @WagimanDeep212_ @GunRomli @islah_bahrawi @KangManto123 @03__nakula @ahmad_bellamy @Anak__Ogi @Ary_PrasKe2 @barengwarga @ch_chotimah2 @Cintada16 @DS_yantie @NgkongRoses @seruanhl aneh abnormal akut... mmg siapa dia ??? masih sok kuasa. pantes aja istrinya ogah.. #IndonesiaGelap #IndonesiaGelap2025,negatif
721,@legislatweet #IndonesiaGelap itu nyata. https://t.co/ufVUAaSwK6,?
722,#IndonesiaGelap orgil lu semua buzzer polisi dan pemerintah. F U!!,negatif
723,@toe_giman Wah bisa rame wartawan luar ditangkap... Semakin #IndonesiaGelap aja nih.,negatif
724,@04_zainal @ucing99115 GAK SALAH KALAU SUKATANI MERILIS LAGU BAYAR BAYAR BAYAR #IndonesiaGelap #AdiliJokowi #KamiBersamaSukatani https://t.co/lcYmSCKDFe https://t.co/pV6QFz8TuH,negatif
725,@liputan6dotcom Takut kan akan di tawur rakyat .. #AdiliJokowi #IndonesiaGelap,negatif
726,Buset kagak ada happy-happynya bangun tidur di negara ini #IndonesiaGelap https://t.co/3M764UrUNl,negatif
727,@abu_waras Btul! #IndonesiaGelap #IndonesiaGelap #daruratindonesia #daruratindonesia #ADILIJOKOWI #ADILIJOKOWI #PrabowoMabokKekuasaan #PrabowoMabokKekuasaan #PrabowoGibranMundurlah #PrabowoGibranMundurlah #JagaBelaMahasiswa #JagaBelaMahasiswa,?
728,#JokowiPerampokAPBN #AdiliJokowi #IndonesiaGelap #IndonesiaGelap2025 Sastrawan kalah telak ama emak-emak hebat ini dalam berpuisi. Emak-emak kereeen.,?
729,@kartarahardja Org tolol atau dungu nih? Jokowi yg ngerusak konstitusi lu bilang penyelamat?! Lgan lo ngerti gk subtansi surat itu. Mega cuma minta kadernya NUNDA retret bukan ninggalin pengabdian kpd rakyat. Beneran #IndonesiaGelap deh,negatif
730,Tidak ada perjuangan yang sia sia meski hanya dengan tulisan.. #IndonesiaGelap https://t.co/XZEQhy6nxB,?
731,Negara bener memprihatinkan. Keinginan pindah negara semakin tinggi setelah melihat hancurnya negara. #IndonesiaGelap,negatif
732,@cobeh2022 Coba tanya ke @makobanser #AdiliJokowi #IndonesiaGelap,netral
733,@IndoPopBase Wow...nantangin... #IndonesiaGelap #DarkIndonesia,netral
734,@KakekHalal @PDI_Perjuangan Tinggal dipecat dan di dprd gk usah didukung #AdiliJokowi #IndonesiaGelap,negatif
735,Ngeri. #IndonesiaGelap #DarkIndonesia,?
736,Suwek suwek suwek.. Buat kaum 58.. makan tuh.. #IndonesiaGelap #BayarPolisi #adili,negatif
737,Dari jutaan penduduk dapatnya kaya gini. #IndonesiaGelap pejabat dari hasil kegelapan,negatif
738,Naikkan! #IndonesiaGelap #DarkIndonesia,?
739,Aksi kawan² mahasiswa di Surabaya #IndonesiaGelap2025 #IndonesiaGelap https://t.co/zf8clLm21e,netral
740,Yang masih tanya #IndonesiaGelap iya ini ini wapres,negatif
741,#IndonesiaGelap adalah fakta kerusakan negeri ini oleh @jokowi yang diteruskan pemerintahan @prabowo,negatif
742,@asumsico Hari gini masih percaya polisi ?? #AdiliJokowi #IndonesiaGelap,negatif
743,@BosPurwa @prabowo Kan sudah dijawab oleh @prabowo dg melawan tuntutan rakyat mahasiswa bhw baginya adalah hidup jokowi .. finalis @OCCRP .. teriak2 brantas korupsi tp kabinetnya bnyk korupsi mulai wapres hingga mentri2 .. belum lg kasus proyek singkong pesawat bekas .. gmn gak #IndonesiaGelap,negatif
744,Langit kala itu amat gelap pun ia menangis bersama tangis rakyat yang menuntut keadilan. Namun 'wakil rakyat' itu malah sibuk dengan dirinya sendiri. Memakan gaji buta hasil keringat rakyat. #IndonesiaGelap #ArekGerak #Suroboyo #SurabayaMenggugat https://t.co/Q54fhRhfVW,negatif
745,Ternyata memang Fakta. bahwa #IndonesiaGelap Karena orang yang mengkspresi diripun harus menghadapi kenyataan sampai harus kehilangan hajat hidupnya. #SungguhGelapItuNyata,negatif
746,Pengen post kebodohan 58% di Whatsapp tapi disana kandangnya mereka. ️ #IndonesiaGelap2025 #IndonesiaGelap,negatif
747,@barengwarga kalau polisi reaktif dengan lagu tsb... berarti? #IndonesiaGelap,?
748,Allaahu Akbar... panjang umur perjuangan #IndonesiaGelap,?
749,Saya curiga dengan gerakan mahasiswa ini. Mahasiswa sekarang yg biasa mabar ML sampe pagi tiba tiba demo agak aneh buat gw. #IndonesiaGelap #Apaiyagelap?,negatif
750,@nctzenbase emang ga bener #IndonesiaGelap #IndonesiaGelap #IndonesiaGelap #IndonesiaGelap #IndonesiaGelap #IndonesiaGelap #IndonesiaGelap #IndonesiaGelap #IndonesiaGelap #IndonesiaGelap,negatif
751,masyaa Allaah... #IndonesiaGelap,?
752,Berkaca dari pengalaman #ReformasiDikorupsi yang berakhir KPK menjadi lembaga tidak independen lagi. Apakah gerakan #IndonesiaGelap ini bisa berakhir serupa?,negatif
753,Ndasmu koplak wok #IndonesiaGelap,negatif
754,@RajaJuliAntoni Hashtag tandingan udah merasa terancam ya? #IndonesiaGelap,negatif
755,@RajaJuliAntoni Lha @prabowo aja pelayan @jokowi .. kok teriak pemimpin daerah adalah pelayan rakyat .. presiden paradox .. malu dikit napa #IndonesiaGelap,negatif
756,Bencana!! gak salah kan emang udah gelap #IndonesiaGelap,negatif
757,@amnesty Koruptor bersanding saat ini #IndonesiaGelap,negatif
758,@01iann Mau digambarin oc ku nanti yg Julius aku pilih style yg chibi #IndonesiaGelap #ArtistBersuara,?
759,@RadioElshinta Retreat? Apa itu retreat? Untuk siapa retreat itu? Gunanya utk apa retreat itu? Ini pemerintahan sipil atw militer sih? Retreat itu ada biayanya uang siapa yg dipakai? Adakah aturannya pejabat negara wajib mengikuti retreat? Adakah sanksinya bila mangkir? #IndonesiaGelap,negatif
760,@04_zainal yang turut andil buat #Indonesiagelap,?
761,@Rocky_Antonie @prabowo Militerisme kok bangga. Memang #Indonesiagelap,negatif
762,Diskusi malam ini di gedung PKM. Dengan tajuk Tolak Segala Pembungkaman Karya Seni #IndonesiaGelap #KamiBersamaSukatani https://t.co/n3AY4f8Dm3,?
763,Not on my bingo card di 2025 bener2 berhimpun bareng bahas pernyataan sikap sama temen2 PPI se-UK buat #IndonesiaGelap ini https://t.co/boweDCbCNh,?
764,Contoh nyata food estate yg merugikan negara trilunan rupiah. Prabowo tanam singkong panennya jagung begitu kan Zonkey.. . #IndonesiaGelap2025 #IndonesiaGelap Patung kuda Megawati https://t.co/3YHWQJWMCM,negatif
765,Ini aja blm direvisi #IndonesiaGelap KPK telah mengantongi laporan dugaan rasuah yang diduga melibatkan Jaksa Agung Muda Tindak Pidana Khusus (Jampidsus) Febrie Adriansyah. Jaksa Agung ST Burhanuddin diminta bekerja sama. #DarkIndonesia PDIP Polisi Bybit Klarifikasi https://t.co/DbCt86hPsB,negatif
766,@DrEvaChaniago @CNNIndonesia @bemui @barengwarga @BEMUI_Official Mungkin karena gelap Uni jadi susah beda in kembang api sama bom molotop #IndonesiaGelap,negatif
767,@01iann Mau OCku Bli Paiiii!!! Ambil yang kiri ajaaa #IndonesiaGelap #ArtistBersuara,?
768,Berbagi saja Sorotan Amnesty International untuk #IndonesiaGelap https://t.co/y1pCuFyMPf,?
769,Ngerinya negaramu nderrr... #KaburAjaDulu #IndonesiaGelap #IndonesiaSemakinGelap #KamiBersamaSukatani,negatif
770,setelah aksi semarang menggugat hingga hari ini apa yg kita tuntut pun pemerintah diam masih g ada tanggapan tapi kok ya masih tanggap mesen papan bunga selamat atas pengukuhan bla bla. bener-bener nirempati bisa-bisanya selebrasi di atas penderitaan rakyat. #indonesiagelap,negatif
771,Jadi media sampah penjilat bijinya prabowo gini gue liat-liat @CNNIndonesia #IndonesiaGelap https://t.co/VJ1BUvQFGx,negatif
772,@ronaldy596 Padahal rakyat yg tdk memilihnyapun sudah banyak yg berangsur-angsur menerima &amp; mulai mendukung. Tentu dg harapan benar2 memerintah demi rakyat. Lhadalah kok malah hidup jokowi! ?!. Blunder. Salah langkah arogan tidak memikirkan perasaan rakyat!. #IndonesiaGelap semakin gulita,?
773,JANGAN APATIS!! #Indonesiagelap,?
774,Kasus timah itu tidak ada bukti korupsinya kenapa dijatuhkan pidana kasus korupsi.. bingung kita #IndonesiaGelap #KaburAjaDulu #RuuKejaksaan #KasusTimah #271 https://t.co/iApYo3oQx4,?
775,Panggil mereka pembunuh . #IndonesiaGelap https://t.co/4MF13OsvDX,negatif
776,#Indonesiagelap Pemerintah benar2 tuli...,negatif
777,Semangat kakak-kakak keren!!!! #IndonesiaGelap2025 #IndonesiaGelap #DarkIndonesia,?
778,Bro itu bukan Intervensi itu INTIMIDASI!! #IndonesiaGelap #DarkIndonesia,negatif
779,@NusBhisma @DivHumas_Polri @ListyoSigitP Itu namanya takdir bang amal ibadahnya si Novi pasti bagus pas ada yang mau dzolimi langsung dibales sama Tuhan #KamiBersamaSukatani #IndonesiaGelap,?
780,@NarasiNewsroom JADI SIAPA PRESIDEN REPUBLIK INDONESIA PERIODE 2024-2029 YANG SEBENARNYA? BENAR-BENAR #IndonesiaGelap #OmonOmon #PlangaPlongo #tikusgoronggorong #HidupRakyat #RakyatSedangSusah #SoekarnoHatta #ParaPahlawan,negatif
781,@Boediantar4 Tuntutan #Adilijokowi berubah menjadi #indonesiaGelap krn @prabowo justru melindungi @jokowi coruptor n crime dunia versi @OCCRP @prabowo menjadi Tuli dan Buta medsos krn dikuasai #gankjokowi sehingga meremehkan gerakan mahasiswa dan @PDI_Perjuangan ! @sjafriesjams,negatif
782,Keren kak Sesekali kudu turun kejalan karena #IndonesiaGelap,?
783,siapa lagi yang harus diinjek? #IndonesiaGelap #IndonesiaGelap2025 https://t.co/GYQ1TWQSjn,negatif
784,@BosPurwa BAYAR BAYAR BAYAR #IndonesiaGelap #AdiliJokowi https://t.co/w4wIBSV5Ii https://t.co/YBmU538ixP,negatif
785,Gajadi mau metong duluan sebelum liat secara live kira-kira kapan hukuman dan siksaan yang orang-orang seperti ini dapatkan di akhir hayatnya nanti #IndonesiaGelap #IndonesiaGelap #IndonesiaGelap #IndonesiaGelap,negatif
786,Biar fair anggota polri juga bikin video klarifikasi seperti ini juga #IndonesiaGelap #KamiBersamaSukatani,negatif
787,Indonesia berhasil mendapatkan kemerdekaannya karena seluruh lapisan masyarakat saling bahu membahu termasuk mereka semua yang berada di luar negeri. Teruslah lantang diaspora Indo! #IndonesiaGelap,?
788,Buzzer tolol ini mesti gak tahu siapa yang sesungguhnya mengorkestrasi Aksi #IndonesiaGelap ini. Seseorang yang mampu menyajikan keindahan dan optimisme dalam satu waktu. Prabowo kader psi fufufafa pasti gak tahu tapi @abobhil sudah lebih dari tahu.,negatif
789,jika kalian rebut kebebasan kami kami akan cari kebebasan sendiri #DarkIndonesia #IndonesiaGelap,?
790,Tidak ada perjuangan yang terlalu kecil. Hope lives in every living things including you. #IndonesiaGelap #DarkIndonesia,negatif
791,Si ratu pengalihan isu sudah diturunkan mul mul taktik basi lu udah ketebak mulu. Gausah disebut namanya gausah ditulis di komen gausah diklik beritanya. Cuekin aja peliharaan pemerintah yang satu itu kalo dipenjara ya alhamdulillah. #IndonesiaGelap #KamiBersamaSukatani,negatif
792,Tuntutan mahasiswa dan rakyat yg turun ke jalan demi memperjuangkan haknya. HIDUP MAHASISWA HIDUP RAKYAT INDONESIA #IndonesiaGelap #IndonesiaGelap2025 #DarkIndonesia https://t.co/xA4HKHoZcP,negatif
793,rebut kembali harga diri rakyat! #DarkIndonesia #IndonesiaGelap https://t.co/TSxiH6tVBz,negatif
794,Ayo Sholawat Asyghil nya dikencengin lagiii #IndonesiaGelap #AdiliJokowi https://t.co/7uPoAxXRTs,?
795,Waspada DANANTARA #IndonesiaGelap,negatif
796,Berharap mereka yang kelaparan tak lagi sekadar merintih tapi bangkit menjarah menyiksa dan menghabisi para kaya dzalim yang rakus mengeksploitasi harta rakyat. #IndonesiaGelap #PeringatanDarurat,negatif
797,Dia lagi emang rusak ini @poldajateng_ bubarin aja sekalian. Eh kasus gamma sudah sampai mana? Sudah minta maaf belum nih orang ? @DivHumas_Polri @propampolri @Divpropam @ListyoSigitP #IndonesiaGelap,negatif
798,Silup pikir orang lain gabisa buat remix kaliya. sila didengar dan sebarkan! perbanyak! #KamiBersamaSukatani #IndonesiaGelap Sukatani - Bayar Bayar Bayar (KatatonikElektroset Remix) https://t.co/EgFicVd4yD,negatif
799,#Asean #Smog #trending #southeastAsia #BakarSampah #KaburAjaDulu #IndonesiaGelap🇮🇩 #AirPollution @infoBMKG @dinaslhdki @DKIJakarta 3:35 am data polusi udara jakarta Rii semoga tidak gelap lagi yaa. Berupaya atuh pemerintah Ri 🇮🇩 https://t.co/YxSLz1WNw9,netral
800,Heran sama yang suka skeptis sama Perjuangan padahal kalau ada perubahan jadi lebih baik juga Dia-Dia juga yang menikmati. #PatungKuda #IndonesiaGelap,negatif
801,media disusupi #IndonesiaGelap,negatif
802,Share gak ya dokumentasi #IndonesiaGelap ini? gaperlu lah banyak bener soalnya. Setidaknya mengobati rindu kembali numpang ngopi di senggang riuh alunan demonstrasi tetap saling jaga waspada dan jangan bungkam! Dunia sudah berganti rupa untuk kemenangan kita,netral
803,Lah ente pelayan Jokowi #IndonesiaGelap,negatif
804,@uyoktweet Mantap Mbah #IndonesiaGelap,?
805,Sekali lagi #IndonesiaGelap jangan kemakan hoax ya all https://t.co/av0iyLN3k4,negatif
806,@catpricen Semoga akunnya makin wangy yh #IndonesiaGelap,?
807,@KompasTV biaya retret Rp 13 milyar pakai apbn kepentingan negara mana yang dipakai? https://t.co/i1XaagG7IB sementara infrastruktur jalan desa kota yg dibutuhkan rakyat kena efisiensi biayanya? #indonesiagelap memang kalau punya pemerintah yang model begini,negatif
808,Kata Fadli Zon kalau mengkritik institusi sebut oknum. #IndonesiaGelap Oknum Menbud ini makin kurus aja https://t.co/zbPL5d5zLC,negatif
809,Egk bisa emot batu soalnya #IndonesiaGelap harus ngelawan,negatif
810,jejak digital seleb lagi rame https://t.co/Wb93oJXGA3 https://t.co/2uPLC697W0 https://t.co/CPcRH0NOoH https://t.co/BrsCBoPehJ https://t.co/V6RBBRb3WY https://t.co/y3h5nSOoEQ https://t.co/DI2puVbWv5 sabtu pagii malam minggu tidur siang sore malming #dood #IndonesiaGelap https://t.co/izSFIi4B39,netral
811,Hasil Pengeluaran NEW YORK MIDDAY Hari Ini Sabtu 22-2-2025 Result : 8355 Selamat Kepada Pemenang #lotiongemoyG2G #kamibersamasukatani #IndonesiaGelap #GalaxyWatchUltra #Gaza,netral
812,Kutundukkan kepalaku bersama rakyatmu yang berkabung. - Wiji Thukul #MacanAsia #IndonesiaEmas #AntiHoax #IndonesiaGelap #DaruratIndonesia,negatif
813,Penjara sekalipun tak bakal mampu mendidikku jadi patuh. - Wiji Thukul #MacanAsia #IndonesiaEmas #AntiHoax #IndonesiaGelap #DaruratIndonesia,negatif
814,Kalu @prabowo tumbang trus naik gibran ha ha ha ha ga kebayang sales susu jadi presiden makin #IndonesiaGelap bisa berdarah2.,negatif
815,Jadi negara bahkan bukan gali lubang tutup lubang. Ini gali lubang lalu gali lubang lagi. #IndonesiaGelap https://t.co/ZbemOmtlZG,negatif
816,Kapan kalian tobat @DivHumas_Polri kelakuan anggota di lapangan apa gak bisa di atur? @ListyoSigitP #IndonesiaGelap,negatif
817,@tanyakanrl https://t.co/AdycPrBLQ9 numpang promo lapak dagang #IndonesiaGelap #KamiBersamaSukatani,netral
818,yang pastinya bukan politik indo karena kyk puki smua #IndonesiaGelap,negatif
819,Habis pilpres terbitlah gelap #IndonesiaGelap https://t.co/Mw6hUZdKaL,negatif
820,Sebagian ganaskah saudara kita #para_pelajar ini hingga ingin dibantai? @ListyoSigitP @PoldaPapua @DivHumas_Polri cc @MataNajwa #IndonesiaGelap mereka tak butuh #MakanGratis,negatif
821,@barengwarga @HausIndonesia @HausIndonesia kalian KEREN. Panjang umur perjuangan. #IndonesiaGelap.,positif
822,Retret itu USELESS Tujuannya: Deal Politik Gratifikasi Rakyat harus lawan gerombolan oligarki dgn cara: #AdiliJokowi DPR RI BEM SI BEM UI Patung Kuda Kepala Daerah Gubernur PDIP Fadli Zon Polda Jateng Magelang #IndonesiaGelap #FufufafaWapresIlegal https://t.co/8pCrxZcICf,negatif
823,@WidasSatyo Ga bakal mati sebelum dia yang mati! #IndonesiaGelap #IndonesiaGelap2025 #DarkIndonesia,negatif
824,@Yurissa_Samosir @choymarkochoy @ay_prakasa2225 @JamalBoegis @nomerorae @Boediantar4 @msaid_didu @AmaluddinSSili1 @PutriKayan16645 @yaniarsim @Panitia68285950 Tag tolong banget trigger warning. Tembolok saya hampir copot padahal saya cewe #IndonesiaGelap #IndonesiaGelap2025 #DarkIndonesia,netral
825,Kebebasan ada batasnya Kata Fadli Zon Sontoloyo #IndonesiaGelap Lagu tidak sesuai Fakta.. https://t.co/1U5IXNTNvF,negatif
826,REFORMASI KEPOLISIAN DALAM SEMALAM: Georgia adalah sebuah negara pecahan Uni Soviet. Negara ini terletak di Eropa Timur berbatasan dengan Rusia. ada satu kisah menarik mengenai reformasi di kepolisian yang dilakukan negara ini. #IndonesiaGelap #KamiBersamaSukatani https://t.co/S1omJeabjF,netral
827,@01iann Makasih kakk udh ngadain Art Raffle ini. Aku pengen digambarin Zayne LADS style chibi #IndonesiaGelap,netral
828,Harus bayar dulu tah buat perpanjangan waktunya? @ListyoSigitP Eh maaf kalau bener #ACAB #KamiBersamaSukatani #IndonesiaGelap,netral
829,Tapi kakak-kakaknya bukan cari prestasi malah cari sensasi Lah sudah persiapan lomba malah lombanya terancam tidak ada karena efisiensi anggaranAda yang sudah latihan rutin buat proposal PKM simulasi seleksi internal dll #IndonesiaGelap https://t.co/F0aiQt1nYQ,negatif
830,Terima kasih kepada mahasiswa dan elemen masyarakat yang telah bersuara melalui tagar #IndonesiaGelap. So berdirilah dengan teguh dan bicaralah dengan lantang. Panjang umur perjuangan!,positif
831,@FOODFESS2 ganti maksi gratis yg ok itu #IndonesiaGelap,negatif
832,Namanya juga pejabat oon kak #IndonesiaGelap,negatif
833,Mantabs nih Indonesia memang Zuper Kreatip #IndonesiaGelap #KamiBersamaSukatani,positif
834,Semoga doa doa baik mengiringi kita semua #IndonesiaGelap https://t.co/0WAJXKyn1z,positif
835,Tag in akunya MURI dong #IndonesiaGelap #KamiBersamaSukatani,netral
836,@PaltiWest2024 Keren puisinya. Tapi relatif terlambat banget dibacakan kembali. Kebenaran didustakan sudah sejak lama. Paling tidak diawal-awal periode kedua jokowi harusnya Adian sudah bacakan unt bangsa ini bukan sekarang unt hasto doang!! #IndonesiaGelap,?
837,@neVerAl0nely #IndonesiaGelap2025 #IndonesiaGelap maraknya sex bebas dikalangan anak muda tawuran maraknya judol mahasiswa byk aksi nol prestasi buat negri UU MISKINKAN koruptor dicuekin DPR,negatif
838,Cek kang baso depan rumah bang #IndonesiaGelap #KamiBersamaSukatani,netral
839,Massa aksi #IndonesiaGelap menyanyikan lagu Bayar Bayar Bayar - Sukatani https://t.co/0hNjPOrFPS,netral
840,Huasyim!!! #IndonesiaGelap2025 #IndonesiaGelap https://t.co/KtCP4oERn2,netral
841,Tetap seperti ini ya bang.. #IndonesiaGelap #KamiBersamaSukatani,netral
842,Kok panik pak pake sgala mnta lagunya di takedown?? Berarti liriknya bener ya pak?? @DivHumas_Polri @NTMCLantasPolri @TMCPoldaMetro #IndonesiaGelap #IndonesiaGelap2025 https://t.co/gSHCZNZWbm,negatif
843,@geloraco Baguslah biar #indonesiaGelap,negatif
844,@faizalassegaf Turun lu Semua - Reset Wakanda @prabowo @gibran_tweet @ListyoSigitP #AdiliJokowi #IndonesiaGelap #KaburAjaDulu https://t.co/9tcODHh7Ir,negatif
845,Kalau enggak punya duit ya di persulit. https://t.co/zwgmYOnZcL Takut sama karya seni. Persetan efisiensi. #IndonesiaGelap,negatif
846,Selamat sore mahasiswa yang IPK-nya lebih tinggi daripada wakil presiden kita HAHAHAHA finally bisa mengeluarkan kata kata ini di tengah massa aksi #IndonesiaGelap https://t.co/nGmiTYB1mh,negatif
847,lg ngeluh dan bawel tp masih retweet #indonesiagelap itu SIKAP BRO,negatif
848,There is truly no reason to ban art and #ArtistBersuara #IndonesiaGelap is a collective movement to reclaim our power. Kalo masih ada yg ga percaya seberapa penting dan bermaknanya gerakan ini baca referensinya tulisan luar karena katanya itu yang kita lihat dan percaya https://t.co/3kykDKsfYY,negatif
849,Setelah ini jangan dulu merasa damai jangan dulu lengah karena perlawanan ini belum usai. #IndonesiaGelap,negatif
850,@KompasTV Kan doi masalah utamanay menjadi #IndonesiaGelap,negatif
851,@BdgBergerakID Ngahaja lampu jalan diparareuman gblg emang. Bener bener #IndonesiaGelap,negatif
852,dan buat temen-temen yang tidak ikut dalam aksi #IndonesiaGelap jangan juga menyudutkan dengan narasi 'demo mulu bikin macet'. Karena dari beragam aksi yang dilakukan oleh kawan-kawan di jalan itu sangat berdampak pada kehidupan kita. contoh misalnya kalo gak ada demo buruh..,negatif
853,#IndonesiaGelap #IndonesiaGelap2025 itu klo maraknya orang bundir gegara kalah judol banyak geng motor tawuran sex bebas kalangan remaja kuliah buat gaya gayaan otak kopong UU perampasan aset koruptor GK disyahkan Mulu ketum parpol LBH berkuasa dr presiden rakyat gampang dihasut,negatif
854,Media Indonesia PAYAH DAN BUSUK #IndonesiaGelap https://t.co/1buEk0CovZ,negatif
855,Hasil Pengeluaran BANGKOK 0130 Hari Ini Sabtu 22-2-2025 Result : 1608 8900 2573 Selamat Kepada Pemenang #lotiongemoyG2G #kamibersamasukatani #IndonesiaGelap #GalaxyWatchUltra #Gaza,netral
856,@KompasTV NO VIRAL NO JUSTICE ‼️ DAN HARUSNYA INSTITUSI KEPOLISIAN MEMINTA MAAF PADA SUKATANI ‼️ #IndonesiaGelap #AdiliJokowi #KamiBersamaSukatani PANJANG UMUR PERJUANGAN‼️ TERUSLAH BERSUARA UNTUK KEBENARAN‼️ https://t.co/C4JB68qPJ6,negatif
857,OTW TARIK SEMUA DANA DARI BANK.... #danantara #IndonesiaGelap,negatif
858,Boikot! #IndonesiaGelap,negatif
859,dn 1 permintaan lagi pak kami mau teman teman kami yg di tahan/di tangkap oleh kalian segera di lepaskan sama saja anda menyiksa rakyat kalian sendiri @TMCPoldaMetro @DivHumas_Polri #IndonesiaGelap #IndonesiaGelap2025,negatif
860,Tau kan siapa penggagas demo #IndonesiaGelap ? https://t.co/p0cJVwqvEb,netral
861,maka dari itu bapak bapak @DivHumas_Polri @TMCPoldaMetro izinkan Bapak @prabowo untuk samperin kami mahasiswa dn kami meminta @prabowo @setkabgoid tuntutan yg kami sampaikan segera di ubah #IndonesiaGelap,negatif
862,lalu lantas knp anda memukuli &amp; menyiksa kami pak?? Kami hanya masyarakat biasa pak Kami hanya meminta bapak presiden. @prabowo untuk samperin kami ( mahasiswa ) dn wajar kita demo karena klo bkn ulah kalian bukan ulah pejabat kami tdk mngkin demo pak #IndonesiaGelap,negatif
863,@Metro_TV Turun lu Semua - Reset Wakanda @prabowo @gibran_tweet @ListyoSigitP #AdiliJokowi #IndonesiaGelap #KaburAjaDulu https://t.co/hSiqJFpnqu,negatif
864,LUHUT : KAU YG GELAP BUKAN INDONESIA Jika Kami yg gelap lalu bapak bapak aparat ap?? bknnya bapak bapak aparat ini adalah aparat yg memberikan contoh baik/buruk kepada kami?? @TMCPoldaMetro @DivHumas_Polri #IndonesiaGelap https://t.co/TbxMlFWV0w,negatif
865,saatnya. #IndonesiaGelap https://t.co/6Odr7PBGWY,netral
866,Amsal 29:2 bilang orang benar bertambah rakyat bersukacita. Namun bila orang fasik berkuasa rakyat mengeluh. #IndonesiaGelap #ArtistBersuara https://t.co/Gb52CF0vdm,negatif
867,@RadioElshinta Turun lu Semua - Reset Wakanda @prabowo @gibran_tweet @ListyoSigitP #AdiliJokowi #IndonesiaGelap #KaburAjaDulu https://t.co/VpSValWL2N,negatif
868,Teruslah berkarya. Lanjutkan karyamu karna lagumu sesuai Fakta. Jangan Takut..Rakyat memantau kawan #IndonesiaGelap,negatif
869,@Pasar_Gambir99 Semoga Allah segera membuka mata hati mu yg buta itu #IndonesiaGelap,positif
870,Pejabat digaji dari pajak. Kalo ga mau dikritik Jangan pungut pajak dari rakyat ! #IndonesiaGelap https://t.co/1accweSn3L,negatif
871,Udah males muak dan sejenisnya. + gw lebih sering marah marah di x ketimbang di wa. Oya. fyi Salah satu tmn gw jd buzzer sue #IndonesiaGelap #IndonesiaGelap2025 #AdiliJokowi https://t.co/5FaRKXM0Qu,negatif
872,#IndonesiaGelap Jakarta 21 Februari 2025 https://t.co/YTJ7FnWCzY,netral
873,yang lagi ada di tempat terang ga bakal bisa ngerasain gelapnya. simple kuncinya peduli satu sama lain. #IndonesiaGelap #IndonesiaGelap #IndonesiaGelap #IndonesiaGelap #IndonesiaGelap #IndonesiaGelap #IndonesiaGelap #IndonesiaGelap,negatif
874,Meminta maaf tidak membuat nyawa mereka yg jadi korban penembakan aparat kembali pak #1312Forever #IndonesiaGelap,negatif
875,Apabila usul ditolak tanpa ditimbang suara dibungkam kritik dilarang tanpa alasan dituduh subversif dan mengganggu keamanan maka hanya ada satu kata: lawan! - Wiji Thukul #MacanAsia #IndonesiaEmas #AntiHoax #IndonesiaGelap #DaruratIndonesia,negatif
876,@vindestwitt - gak pilih presiden pelanggar HAM - gak makan duit haram oligarki - kalo gw punya platform besar gw akan sounding #IndonesiaGelap - kalo gw musisi gw ikut bersuara buat #kamibersamasukatani,negatif
877,mungkin sekarang belum merasakan dampaknya besok nanti akan tiba saatnya orang emang harus ngerasain dulu baru tau gimana rasanya kalo ga gitu ya cuek #IndonesiaGelap,negatif
878,Di sini kami ada dan berlipat ganda #IndonesiaGelap 21 Februari 2025. https://t.co/GKyIBGif65,netral
879,@democrazymedia @OCCRP @prabowo @gibran_tweet @jokowi @sjafriesjams @Gerindra Rakyat tidak mau presidenya dikendalikan Coruptor dan Crime dunia versi @OCCRP yang semula tuntutanya adili jokowi menjadi #IndonesiaGelap karena statmenya NDasmu omon-omon justru hidup monster hidup monster dan tidak mau dipisahkan dg monster! Pagi beras sore ketan !,negatif
880,Free!!! kali aja ada yang mau sablon sendiri upload story atau apa bisa ke link drive atau cek aja di komen tinggal download aja gue udah seneng #foreverACAB https://t.co/4AERguVJZ1 #kamibersamasukatani #IndonesiaGelap #artistbersuara #IndonesiaGelap2025 https://t.co/8CUztR2deo,netral
881,Habis gelap TERBITLAH PERLAWANAN! After dark ARISE THE RESISTANCE! ----- #RobloxGFX #robloxart #ROBLOX #IndonesiaGelap https://t.co/7LAMoIonRW,negatif
882,Mungkin itu kali ya yg dirasakan juga olah ASN kementerian atau beberapa Polisi dan Menteri/Anggota Dewan disetiap Aksi Demo dan yg baru2 ini #IndonesiaGelap bahwa nggak ada yg salah dari fenomena yg terjadi. Jangan baper &amp; jadikan ini pengingat bahwa kita masih banyak kekurangan,netral
883,Sedih banget masih banyak orang yang gak tau ini lagi demo apaan karena banyak media besar yang diam. Kita benar-benar sedang dibungkam! Please kalo kamu punya tiktok bantu sebarkan #IndonesiaGelap karena framing buzzer disana lagi kenceng banget,negatif
884,@CNNIndonesia Atau *Gabungan elemen masyarakat gelar aksi #IndonesiaGelap tolak revisi UU Minerba dan evaluasi program makan bergizi gratis Perlu masukan headline lagi?,netral
885,Tetap semangat kawan-kawan dikawalnya dari medsos aja soalnya lagi kurang enak badan #IndonesiaGelap,?
886,Institusi kok hobi intimidasi Institusi kok hobi menghabisi Institusi kok takut dengan seruan aksi demokrasi Institusi kok takut dengan lagu band pang yg berkreasi #KamiBersamaSukatani #IndonesiaGelap #1312Forever,negatif
887,@CNNIndonesia *Gabungan elemen masyarakat menggelar aksi unjuk rasa #IndonesiaGelap pada Jumat (21/2). Mereka menuntut evaluasi program makan bergizi gratis hingga menolak revisi UU Minerba yang dianggap bermasalah.,netral
888,Keren banget! #IndonesiaGelap,netral
889,@BBCIndonesia Punya presiden 11/100 wapres ngangong... gini amat indonesia #IndonesiaGelap #IndonesiaGelap,negatif
890,Jika di Perbolehkan Ayo teman teman Kita tangkap polisi untuk tanggungjawab teman teman kita yg di tahan/di tangkap sama polisi tolol #IndonesiaGelap,negatif
891,Dari maba - kerja belum pernah dapet kesempatan buat ikut demo turun langsung ke jalan. Entah itu kehalang c19 ujian atau hal lain cuman bisa retweet dan ikut donasi kecil kecilan tapi semoga hal kecil ini bisa ikut bantu menyuarakan keresahan masyarakat. #IndonesiaGelap,?
892,WAJAR JIKA INSTITUSI KEPOLISIAN YANG DIPIMPIN BOS @ListyoSigitP DINILAI TERKORUP DI ASIA TENGGARA. #AdiliJokowi #IndonesiaGelap KEMENANGAN 58% TINGKAT KEPUASAN 58% DEMO SEMAKIN MASIF. PANJANG UMUR PERJUANGAN‼️ https://t.co/FUhxpEPmGR,negatif
893,Semisalnya Polisi Tangkap Mahasiswa Berarti Boleh dong mahasiswa tangkap polisi yg main kekerasan ke mahasiswa?? sharusnya blh kn?? @DivHumas_Polri @prabowo #IndonesiaGelap,negatif
894,@illusylus @MailOnline @CBCAlerts @AlJazeeraWorld @AlJazeera @EpochTimes @nytimes @washingtonpost @BBCWorld @BBCBreaking Kak Aull izin ikutan GA-nya sekalian naikin ht sekarang aihihi (pending komen biar ht ngga sepi) #IndonesiaGelap @MailOnline @CBCAlerts @AlJazeeraWorld @AlJazeera @EpochTimes @nytimes @washingtonpost @BBCWorld @BBCBreaking ps. nitip cewek cantikku versi #IndonesiaGelap https://t.co/KHvx9A84Fq,netral
895,@amnesty Fuck Jokowi Fuck Prabowo Fuck fufufafa Fuck Luhut #IndonesiaGelap #darkinfonesia #bersamasukatani,negatif
896,Potret polisi jateng kontol #IndonesiaGelap #DarkIndonesia #kamibersamasukatani https://t.co/qi2DghZvKm,negatif
897,Apakah Air Rebusan Mi Instan Perlu Diganti Sebelum Dikonsumsi? selengkapnya &gt;&gt; https://t.co/Ye7Kcn3xLu =========== Gubernur Fadli Zon Polda Jateng PDIP Hasto Biang Kerok Weekend Bersama Keluarga Kepala Daerah Magelang #IndonesiaGelap #kamibersamasukatani https://t.co/TCMA4D7VGo,netral
898,Bilang aja gak punya nyali. @KPK_RI Cemen kalaian #IndonesiaGelap,negatif
899,Hasil Pengeluaran FLORIDA MIDDAY Hari Ini Sabtu 22-2-2025 Result : 1374 Selamat Kepada Pemenang #lotiongemoyG2G #kamibersamasukatani #IndonesiaGelap #GalaxyWatchUltra #Gaza,netral
900,@barengwarga Semangat #IndonesiaGelap,?
901,@virdianaurellio PANJANG UMUR PERJUANGAN‼️ RUNTUHKAN REZIM GARONG SERTA YG MELINDUNGINYA ‼️ REBUT KEDAULATAN NEGERI INI DARI PEMIMPIN DZOLIM DAN OLIGARKI ‼️ MARI TERUS SUARAKAN KEBENARAN ‼️ #AdiliJokowi #IndonesiaGelap #RevolusiSekarang https://t.co/FrXySFP0mh,?
902,@01iann Congrats! Izin ikutan yaa OC ku Reyhan style chibi #IndonesiaGelap,netral
903,Hasil Pengeluaran KENTUCKY MIDDAY Hari Ini Sabtu 22-2-2025 Result : 2123 Selamat Kepada Pemenang #lotiongemoyG2G #kamibersamasukatani #IndonesiaGelap #GalaxyWatchUltra #Gaza,netral
904,Semoga nanti ada video amatir perusuh yang nyamar jadi mahasiswa. Netizen udah cerdas kok kecuali bajer. #IndonesiaGelap,negatif
905,Nyata gelap adanya #IndonesiaGelap,negatif
906,RIP Demokrasi #IndonesiaGelap #IndonesiaGelap2025 https://t.co/b9LMBKn4yN,negatif
907,Iya setiap orang punya hak untuk gk berpendapat ataupun berpendapat. Ayo minimal sedikit atau sesekali bantu up. Reaksi terjadi karena ada aksi ini aksi udh segelap ini apa iya masih acuh utk bereaksi? Sekecilnya perlawanan adalah perlawanan #IndonesiaGelap,?
908,#IndonesiaGelap Habis gelap terbitlah terang Semoga. Aamiin,?
909,Keren banget #IndonesiaGelap #PrabowoRezimBoneka,?
910,Saat Kericuhan Pecah di Aksi #IndonesiaGelap Hari ini https://t.co/XpmHjsntVI https://t.co/GdX2YswpTQ,?
911,Semua yg berkaitan dg Sukatani diintimidasi... Inilah negara otoriter #IndonesiaGelap,negatif
912,agaknya merinding liak aksi yg ternyata sampai hari kemarin masih dilaksanain emang udah #IndonesiaGelap bgt. terimakasih atas waktu &amp; aspirasinya,negatif
913,Di tengah-tengah #IndonesiaGelap ternyata ada yang hack akun BDS Movement English. Sebarkan dan lawan 🇵🇸,?
914,aturan yang jadi presiden bang jay #IndonesiaGelap,negatif
915,@Epricila10 BuzzeRP goblok ke 31 ketangkep muncul nih #IndonesiaGelap #IndonesiaGelap2025,negatif
916,maaf kalau spam rituit. yang keganggu bisa BUB langsung aja ia soalnya #IndonesiaGelap gabisa ditolong kalau cuma diem.,negatif
917,Ambil bagian #IndonesiaGelap https://t.co/RfLeomEV4P,netral
918,Baso aci mbeledos. Ada banyak rasa. 1 paket isi 4 cuma 90 ribuan lipstick istri sah Polda Jateng GoFood Hemat Promo Tanggal Tua Mikha #IndonesiaGelap Fadli Zon #NewtopiaEp4 Patung Kuda Kepala Daerah PDIP Fuji Buruan checkout link dibawah atau bio atas! https://t.co/v2Z5cF8zXL https://t.co/yFb8kywy8L,netral
919,@Mindra_AZ @BattoAjax @Lembayung071 @kangdede78 @Rian__Az @__LOVE_AG4EVER @KawuloA24225737 @cagubnyinyir2 @TinotoMd @Epricila10 JGN2 buzzer anggap strategi Mulyo berhasil. Saat hut Gerindra Mulyo berucap tdk ada yg brani kritik presiden terkuat di dunia . Ucapan yg memancing rkyt lakukan aksi #IndonesiaGelap berhasil. Lalu HSL RAPAT brikutx sepakati dengungkan Indonesia cerah agar PS terbuai percaya,negatif
920,Rakyat mau bersih bersih dan buang SAMPAH Ke Tong SAMPAH Malah @prabowo dan @Gerindra malah teriak HIDUP SAMPAH @Gerindra &amp; @prabowo Siap siap aja dapat kutukan dari Rakyat @Gerindra &amp; @prabowo Bersahabat dengan Sampah Sampah Negara #IndonesiaGelap https://t.co/sY00JTY1yV,negatif
921,Awal rezim Prabowo yg tidak baik... Pengamanan demo itu tugas aparat keamanan tapi kalo sudah memancing kericuhan itu tugasnya provokator agar polisi bertindak represif. Siapa sang provokator? Yg pasti dari aparat keamanan... #LaguLama #IndonesiaGelap https://t.co/L5r5ryBd2J,negatif
922,@democrazymedia Karena Ndasmu omon-omon menjadi #IndonesiaGelap baru ada didunia dan ada di Indonesia seorang presiden tidak punya etika! Krn ambisi tidak terukur pagi beras sore ketan ( kadang waras kadang ed..n),negatif
923,@kevinpramudya_ Terima kasih Kevin #IndonesiaGelap,?
924,Kami Gerombolan Burung SALWA Sebagai Rakyat Sipil Membawa Pesan SALSA Apa Kabar SALWA : SALAM AKAL WARAS Apa Kabar SALSA : SALAM AKAL SEHAT Tapi Kami bukan Lingkaran KURAWA KURAWA : KURANG WARAS Panjang Umur Perjuangan #IndonesiaGelap #IndonesiaGelap https://t.co/v9k6A4FM5D,?
925,@CNNIndonesia REPORT AKUNNYA!!!! SEMUA YANG BACA INI REPORT AKUNNYA!!! HANGUSKAN MEDIA MASSA YANG MENCOBA MEMBOLAK BALIK FAKTA!!!! JANGAN BIARKAN MEDIA MASSA KYK BEGINI BERDIRI DI INDONESIA!!!! #IndonesiaGelap,negatif
926,hari ini turun ke lapangan ngeliat mahasiswa nyampein aspirasi dengan tertib #IndonesiaGelap,?
927,#IndonesiaGelap @prabowo wo liat nih wo masa katanya ego wowo lbh gede dr biji pler wowo sih? https://t.co/4Cb8teHoGT,negatif
928,Telan mentah² sii ya namanya buzzer bikin hoax mulu wkwkwk #IndonesiaGelap,negatif
929,Yang penting bisa ketawa . #IndonesiaGelap,?
930,@CNNIndonesia REPORT AKUNNYA!!!! SEMUA YANG BACA INI REPORT AKUNNYA!!! HANGUSKAN MEDIA MASSA YANG MENCOBA MEMBOLAK BALIK FAKTA!!!! JANGAN BIARKAN MEDIA MASSA KYK BEGINI BERDIRI DI INDONESIA!!!! #IndonesiaGelap,negatif
931,@mazzini_gsp Detected..buzzer2 nyerang PDIP arahannya sama semua #IndonesiaGelap #IndonesiaGelap,negatif
932,@CNNIndonesia REPORT AKUNNYA!!!! SEMUA YANG BACA INI REPORT AKUNNYA!!! HANGUSKAN MEDIA MASSA YANG MENCOBA MEMBOLAK BALIK FAKTA!!!! #IndonesiaGelap,negatif
933,@CNNIndonesia REPORT AKUNNYA!!!! SEMUA YANG BACA INI REPORT AKUNNYA!!! HANGUSKAN MEDIA MASSA YANG MENCOBA MEMBOLAK BALIK FAKTA!!!! #IndonesiaGelap,negatif
934,@CNNIndonesia REPORT AKUNNYA!!!! SEMUA YANG BACA INI REPORT AKUNNYA!!! HANGUSKAN MEDIA MASSA YANG MENCOBA MEMBOLAK BALIK FAKTA!!!! #IndonesiaGelap,negatif
935,@Telkomsel saya pengguna telkomsel sudah puluhan TH masak harga paketan g ada yg murah u/ yg 30 hari no baru pada murah2e cc @OmbudsmanRI137 @Gerind @YLKI_ID #ThamePoSeriesEP11 #ZeeNunew #IndonesiaGelap #SFsuperSTAFFxFourth #WishesWinWith26th #thomaskong #โทมัสก้อง​ #LVBAG https://t.co/7JLukNRIz2,?
936,Kami Gerombolan Burung SALWA Sebagai Rakyat Sipil Membawa Pesan SALSA Apa Kabar SALWA : SALAM AKAL WARAS Apa Kabar SALSA : SALAM AKAL SEHAT Tapi Kami bukan Lingkaran KURAWA KURAWA : KURANG WARAS Panjang Umur Perjuangan #IndonesiaGelap #IndonesiaGelap https://t.co/Cni8Ggdrii,?
937,bikin capek dah tinggal di Indonesia gini di tinggal ngerjain proposal bentar prabowo asbun ditinggal ngerjain tugas bentar prabowo hamil anak jokowi anw #IndonesiaGelap #AdiliJokowi https://t.co/MAYar2xcm1,negatif
938,Janganlah kita lupakan demi tujuan kita bahwa para pemimpin berasal dari rakyat dan bukan berada atas rakyat. - Soekarno #MacanAsia #IndonesiaEmas #AntiHoax #IndonesiaGelap #DaruratIndonesia,?
939,Selama toko buku ada selama itu pustaka bisa dibentuk kembali. Kalau perlu dan memang perlu pakaian dan makanan dikurangi. - Tan Malaka #MacanAsia #IndonesiaEmas #AntiHoax #IndonesiaGelap #DaruratIndonesia,?
940,Kami Gerombolan Burung SALWA Sebagai Rakyat Sipil Membawa Pesan SALSA Apa Kabar SALWA : SALAM AKAL WARAS Apa Kabar SALSA : SALAM AKAL SEHAT Tapi Kami bukan Lingkaran KURAWA KURAWA : KURANG WARAS Panjang Umur Perjuangan #IndonesiaGelap #IndonesiaGelap https://t.co/cLD8ROQN8P,?
941,@UmarHasibuan__ Orang caper cuekin aja fokus perlawanan #IndonesiaGelap,negatif
942,#IndonesiaGelap #AdiliJokowi Semuanya akan terang benderang lebih awal tanpa anda duga.. Allah itu maha Adil.,?
943,berakk.. beneran tolol anjrt orang tik tok otaknya pada knp yaa?? #IndonesiaGelap #IndonesiaCemas https://t.co/kreXYu28qs,negatif
944,@Yurissa_Samosir @choymarkochoy @ay_prakasa2225 @JamalBoegis @nomerorae @Boediantar4 @msaid_didu @AmaluddinSSili1 @PutriKayan16645 @yaniarsim @Panitia68285950 Cadangan 2029 Biar anak anak ingat namanya #IndonesiaGelap #IndonesiaGelap,?
945,Dulu kan oposisi masih mikir jernih kalau sekarang kan oplosan jadi udah banyak kecampur racun Mukidi.. #IndonesiaGelap #AdiliJokowi,negatif
946,Perjalanan baru dimulai 100 hari memperlihatkan arah kebijakan yang menindas rakyat. Pajak Tambang hingga kebijakan serampangan yang menciptakan gejolak sosial di masyarakat. Perjuangan tak akan pernah berakhir terimakasih kawan kawan SKP Kabinet KM ITB #IndonesiaGelap,negatif
947,@neohistoria_id @CNNIndonesia Kalian @CNNIndonesia pikir akan aman jika memihak Presiden atau pemerintah sekarang? TIDAK pemegang kekuasaan tertinggi di RI itu RAKYAT. Boikot CNN! #IndonesiaGelap #DarkIndonesia https://t.co/8tZWbgJI5H,negatif
948,Soal #KaburAjaDulu yang terdorong kondisi #IndonesiaGelap ini cukup personal buat gua. (In this economy rasanya pesimis ngeliat masa depan. Tapi kawan-kawan bayangkan kita tidak menyerah! I share some of my thoughts and (feelings) here: https://t.co/wSX6HqPFmu https://t.co/kcVq39DUU9,negatif
949,#IndonesiaGelap #DarkIndonesia #IndonesiaGelap2025 panjang umur perjuangan,?
950,#IndonesiaGelap #DarkIndonesia #IndonesiaGelap2025 panjang umur perjuangan,?
951,#IndonesiaGelap #DarkIndonesia #IndonesiaGelap2025 panjang umur perjuangan,?
952,Kata gw mah pejabat dan kabinet sekarang dulunya kagak lulus mata pelajaran akidah akhlak. Alias woiii hati nurani lu di mana? Yang harusnya kena efisiensi tuh kalian para pejabat menteri dan para anggota legislatif yang dikasih fasilitasnya kelewat mewah. #IndonesiaGelap,negatif
953,Aksi Demo Hingga Malam Ini Jum'at 21 Februari 2025 di Patung Kuda Jakarta jam 21:00 WIB. #IndonesiaGelap https://t.co/Ds8f93tT1j,netral
954,Sepasang yang melawan #IndonesiaGelap #kamibersamasukatani https://t.co/8r8jFqI5al,negatif
955,KONTOL. #IndonesiaGelap https://t.co/viswDCSK7l,negatif
956,#IndonesiaGelap #DarkIndonesia #IndonesiaGelap2025 panjang umur perjuangan,?
957,@barengwarga Jangan takut karena muda pemuda adalah kekuatan pemuda adalah matahari perubahan panglima bagi para rakyat jelata Hidup Mahasiswa Indonesia #IndonesiaGelap,?
958,@Intel_Imut ini baru #IndonesiaGelap,netral
959,@kegblgnunfaedh Wahai ibu pertiwi #IndonesiaGelap,netral
960,emosi bgt baca berita ini pada ngga punya otak apa gimana si?! sdm nya dari dulu ngga pernah berubah orang nyampein pendapat ajaa sampe ditangkap gini warga yg ikut2an juga dongo bgt ngga buka mata buta apa gimana? jelas2 mahasiswa lagi bela rakyat gitu. sick #IndonesiaGelap,negatif
961,Salah satu penjilat yang lagi ngomongin diri sendiri #IndonesiaGelap #AdiliJokowi,negatif
962,#IndonesiaGelap #DarkIndonesia #IndonesiaGelap2025 panjang umur perjuangan,?
963,#IndonesiaGelap #DarkIndonesia #IndonesiaGelap2025 panjang umur perjuangan,?
964,Woi Pak Tua Tolol musuh kita bukan etnis china musuh kita kesewenang wenangan pemerintah Seandainya Etnis china ada salah ya tetap yang salah yang bukakan pintu untuk mereka buat kesalahan.... #IndonesiaGelap #AdiliJokowi,negatif
965,@necromanticcs @ZRoed @barengwarga Maklum bank ternak mulyono kan emang ga punya otak! Hanya duit yg terpenting! #IndonesiaGelap,negatif
966,@barengwarga Yang utama dan harga mati #AdiliJokowi dan keluarganya #DarkIndonesia #IndonesiaGelap,negatif
967,fakta #IndonesiaGelap yang terlalu menyedihkan #garuda bukanlah burung perkutut juga bukan mantel #tikus tak berlutut https://t.co/ovrfhx1Ufg,negatif
968,#IndonesiaGelap papua,?
969,@nirby Kocak lu @CNNIndonesia klo ga bisa netral mending cabs aja boikot lah media media yg udh ketauan buzzer #IndonesiaGelap,negatif
970,@01iann Izin meramaikan kak aku mau menitip oc ku Hesa pake style anime #IndonesiaGelap,netral
971,aduhh mending lo stop dulu joget tiktok lo itu #IndonesiaGelap,?
972,@democrazymedia #IndonesiaGelap . Ternyata serakah dan serakus itu dg jabatan.... Katanya mau istirahat ternyata masih menjaga warisan mulkidi,negatif
973,Salah satu media dihujat gegara isi twitnya soal coverage #IndonesiaGelap. Padahal klo dilihat berasal dari autopost. Kecelenya gak ada filter ya gitu. Paling bener mah emang ngetwit manual.,negatif
974,@EviDrajat Hati² yg normalisasi kekerasan polisi saat demo! Banyak narasi seperti ini! Ayo kita lindungi dan dukung mahasiwa mewakili rakyat pada demo kali ini! Hati² ya ditakutkan 1998 terulang lagi! Ingat kan pelakunya siapa?! #IndonesiaGelap,negatif
975,Selalu waspada dan liat rekan-rekan karena banyak siluman #IndonesiaGelap,negatif
976,film korea judulnya taxi driver nyeritain jurnalis asing yg mau ngeliput peristiwa 1998 di korea tapi ga mudah karena dihadang terus sm aparat. akhirnya temenan sm locals dan ybs minta tolong bgt ke jurnalisnya buat nulis kacaunya negara mereka waktu itu. #IndonesiaGelap,?
977,@NeutralPointOV @165Hati Ayo dukung terus apra mahasiswa! #IndonesiaGelap,?
978,WOI HATI HATI PLS STAY SAFE #IndonesiaGelap,?
979,@JohnKikuk @165Hati Yg 58% ya bang? #IndonesiaGelap,?
980,Tadi gw liat di tv malah bilang silahkan klo ada bukti nantangin ngerasa kebal hukum.. Ok lah kita do'ain aja semoga manusia perusak negara satu ini Allah berikan azab yang pedih.. Na'udzubillah #IndonesiaGelap #AdiliJokowi,negatif
981,Terimakasih maaaakkk dan semua relawan #IndonesiaGelap https://t.co/hZjOLPiSxB,?
982,Bisa aja bikin lagu ... Sukatani @DivHumas_Polri Bayar Polisi #IndonesiaGelap #IndonesiaGelap https://t.co/hq5JMQcTxv,?
983,#IndonesiaGelap #DarkIndonesia #IndonesiaGelap2025 panjang umur perjuangan,?
984,Ini cerita kemarin tanggal 20 sih. Cuma pengen menegaskan aja kalo aku miris banget melihat aparat yang tugasnya menjaga dan melindungi malah jadi ancaman terbesar masyarakat. Marah banget #IndonesiaGelap #Sukatani #BayarBayarBayar,negatif
985,@ononiha_radja @165Hati Siapa kami? Saya bangga ma mahasiswa mewakili penderitaan rakyat Indonesia yang didzolimi jokowi dan antek²nya! #IndonesiaGelap,negatif
986,#IndonesiaGelap #DarkIndonesia #IndonesiaGelap2025 panjang umur perjuangan,?
987,#IndonesiaGelap Masih lanjut gelap Hidup JOKORUP ndasmu ! JANGAN GAMPANG NGEGAS ??? NGEGAS https://t.co/jfxGhUJ5Ra,negatif
988,#IndonesiaGelap #DarkIndonesia #IndonesiaGelap2025 panjang umur perjuangan,?
989,Gambaran perekonomian negoro ajor adalah: SUROBOYO DARURAT RAWON SENG MURAH TAPI ENAK #IndonesiaGelap,?
990,Negeri ha..ha..hi..hi by Gus Mus #IndonesiaGelap #AdiliJokowi #RevolusiSekarang https://t.co/ZUhGsI0qrp,?
991,@RakyatNgenez @Kanseulir Hati-hati semuanya... #IndonesiaGelap,negatif
992,Oh shit! Sederhana tp gue gak bisa. Pdhl cuti mash 25 cuy tapi aghh jir lah kesel sama diri sendiri #IndonesiaGelap,netral
993,#IndonesiaGelap #DarkIndonesia #IndonesiaGelap2025 panjang umur perjuangan,?
994,#IndonesiaGelap #DarkIndonesia #IndonesiaGelap2025 panjang umur perjuangan,?
995,Meskipun diguyur hujan aksi demo di Bandung pantang kendor. Indonesia Gelap #IndonesiaGelap https://t.co/iydFPlG1Vs,?
996,#IndonesiaGelap #DarkIndonesia #IndonesiaGelap2025 panjang umur perjuangan,?
997,adalah temen gw yg berisik ttg #IndonesiaGelap ini tuh mereka yg tergabung di suatu univ/institusi sedangkan mereka yg engga masuk atau engga ada di lingkungan tsb tidak berisik ttg hal ini,?
998,#IndonesiaGelap #DarkIndonesia #IndonesiaGelap2025 panjang umur perjuangan,?
999,Jejak digital selebgram tiktok cantik https://t.co/0Pb1pPdMXX https://t.co/sRTSCmEpa1 https://t.co/JqeQNKJXjM https://t.co/KVhA03g7X1 https://t.co/sRTSCmEpa1 https://t.co/cfDBbCe8GY Patung Kuda Mikha Polisi Malam Grok #IndonesiaGelap #DarkIndonesia https://t.co/GP1yvUvcho,netral
1000,IG Story mulai diisi pernytaan sikap PPI Di luar bukan berarti tidak peduli Merah darahku Putih tulangku 🇮🇩 Ya tetap Merah Putih #IndonesiaGelap2025 #IndonesiaGelap,?
1001,mereka turun ke jalan karena rasa cinta mereka ke tanah air yang luar biasa besarnya. mereka sdh memikirkan masa depan negara mereka cerdas. #IndonesiaGelap #DarkIndonesia #IndonesiaDark,positif
1002,#IndonesiaGelap ko ga trending sii pdhl rame,negatif
1003,wkwkwkwkwk panas gara-gara template story IG #kamibersamasukatani #IndonesiaGelap #1312FOREVER,negatif
1004,Mantap juki #IndonesiaGelap,netral
1005,Aksi demonstran aksi unjuk rasa bertajuk #IndonesiaGelap di Patung Kuda Kawasan silang Monas Jakarta Jumat (21/2/2025). https://t.co/f6EXlafyhd,?
1006,gw bingung kenapa di kasus gw engga sedikit dari temen gw yg engga berisik soal #indonesiagelap ini melainkan mereka hanya fokus sm diri mereka sendiri ya gw tau mereka punya hak buat lakuin itu tp yg menarik disini adalah-,negatif
1007,Kami Gerombolan Burung SALWA Sebagai Rakyat Sipil Membawa Pesan SALSA Apa Kabar SALWA : SALAM AKAL WARAS Apa Kabar SALSA : SALAM AKAL SEHAT Tapi Kami bukan Lingkaran KURAWA KURAWA : KURANG WARAS Panjang Umur Perjuangan #IndonesiaGelap #IndonesiaGelap https://t.co/PpcPAz2L8Q,negatif
1008,@ahriesonta @Divpropam @DivHumas_Polri kalian apakan para mahasiswa makasar ???? #IndonesiaGelap2025 #IndonesiaGelap,negatif
1009,@AtuhaKalang Kami Gerombolan Burung SALWA Sebagai Rakyat Sipil Membawa Pesan SALSA Apa Kabar SALWA : SALAM AKAL WARAS Apa Kabar SALSA : SALAM AKAL SEHAT Tapi Kami bukan Lingkaran KURAWA KURAWA : KURANG WARAS Panjang Umur Perjuangan #IndonesiaGelap #IndonesiaGelap https://t.co/x7jChjU06O,negatif
1010,@KemensetnegRI #IndonesiaGelap Katanya Warpes mewakili anak muda hayo dong pidato depan Mahasiswa! Jangan ke SD mulu malu https://t.co/97h1bhWm1P,negatif
1011,Luar biasa! #IndonesiaGelap,?
1012,Hasil penjumlahan nya sudah benar #IndonesiaGelap #DarkIndonesia,netral
1013,Semoga cepat terang dan bangkit dari #IndonesiaGelap negeriku,positif
1014,@prabowo @sjafriesjams @Yusrilihza_Mhd MINGKEM SEMUA. #IndonesiaGelap #IndonesiaGelap #IndonesiaGelap,negatif
1015,#IndonesiaGelap #DarkIndonesia #IndonesiaGelap2025 panjang umur perjuangan,positif
1016,#IndonesiaGelap #AdiliJokowi #KaburAjaDulu #PergiMigranPulangMigren Viralkan!,negatif
1017,@democrazymedia Yang meriksa tutup mata jadi nggak keliatan #IndonesiaGelap,negatif
1018,Lihatlah apakah anda bagian dari jiwa yang terpilih?? Atau tidak?? Semua kembali pada anda jangan cuma bicara #IndonesiaGelap #indonesiaemas apa lagi #AdiliJokowi coba juga pikirkan #dirisendiri cobalah maknai. https://t.co/v2eomDzNj3,negatif
1019,#IndonesiaGelap #DarkIndonesia #IndonesiaGelap2025 panjang umur perjuangan,positif
1020,selamat malam semuanya gua mau izin drop semua foto dokumentasi aksi yang gua dapatkan malam ini (boleh disebarluaskan for your own or greater cause) #IndonesiaGelap https://t.co/y98ecrRefc,netral
1021,Ada yang kenal?? last known lagi dikejar 1312 #IndonesiaGelap,netral
1022,#IndonesiaGelap #DarkIndonesia #IndonesiaGelap2025 panjang umur perjuangan,positif
1023,#IndonesiaGelap #DarkIndonesia #IndonesiaGelap2025 panjang umur perjuangan,positif
1024,#IndonesiaGelap #DarkIndonesia #IndonesiaGelap2025 panjang umur perjuangan,positif
1025,Sebelum Boedi Otomo ada Pemberontakan Petani Banten Sebelum Sumpah Pemuda ada Pemberontakan Buruh 1926 Sebelum Reformasi ada aksi2 mogok PRD Perlawanan bukan hanya dr mahasiswa saja. Gerakan lebih efektif lintas sektoral (buruh tani mahasiswa miskin kota dll) #IndonesiaGelap,negatif
1026,@DrEvaChaniago @CNNIndonesia @bemui @barengwarga @BEMUI_Official Kami Gerombolan Burung SALWA Sebagai Rakyat Sipil Membawa Pesan SALSA Apa Kabar SALWA : SALAM AKAL WARAS Apa Kabar SALSA : SALAM AKAL SEHAT Tapi Kami bukan Lingkaran KURAWA KURAWA : KURANG WARAS Panjang Umur Perjuangan #IndonesiaGelap #IndonesiaGelap https://t.co/DlMePjYBv2,negatif
1027,APPLY PRESSURE!!! JANGAN KENDOR PERLAWANAN #IndonesiaGelap #IndonesiaGelap2025 #DarkIndonesia,negatif
1028,Indonesia Raya berkumandang saat aksi #IndonesiaGelap siang tadi https://t.co/0wObIcW1gw,?
1029,#IndonesiaGelap #DarkIndonesia #IndonesiaGelap2025 panjang umur perjuangan,positif
1030,#IndonesiaGelap #DarkIndonesia #IndonesiaGelap2025 panjang umur perjuangan,positif
1031,#IndonesiaGelap #DarkIndonesia #IndonesiaGelap2025 panjang umur perjuangan,positif
1032,@HumansNoContext @prabowo ini kamu kan? #IndonesiaGelap,netral
1033,Beberapa foto aksi #IndonesiaGelap https://t.co/Ky0iieAZde,netral
1034,1. Warga kita suka ikut tren. 2. Warga kita suka unjuk kreativitas. 3. Warga kita suka IG &amp; tiktok. Sekarang Indonesia gelap. Bawa lilin ke manapun kamu pergi. Jepret jadikan konten beri caption #IndonesiaGelap #NyalakanLilin ️ Apakah bisa jika ini dijadikan tren? https://t.co/hFEj6hDSXr,?
1035,Pak prab saya harap besok gga muncul kebijakan aneh lagi tuntutan kami iniiiii tolong segera ditangani Thx #IndonesiaGelap,negatif
1036,@winterwitchie Dapet ga dapet prioritasnya tagar naik! Sehat-sehat para pejuang! #IndonesiaGelap,positif
1037,@prabowo Pak bakal ada tindakan dari semua protesan kami kapan? Sampai nunggu terjadi apa pak? #IndonesiaGelap,negatif
1038,#IndonesiaGelap #DarkIndonesia #IndonesiaGelap2025 panjang umur perjuangan,positif
1039,lucunya negeri gue bisa diancurin aja gak nih sekalian ya tuhab manusianya udah kek setan semua! udah padakaga ada urat malu udah kaga lagi bisa bedain bener ama salah cape amat ya allah #IndonesiaGelap,negatif
1040,@ronaldy596 Terimakasih ustadzah Novi dan suami musisi band Sukatani Lagumu menginspirasi #kamibersamasukatani #IndonesiaGelap https://t.co/CBn2TNGNu8,positif
1041,Lagu bayar bayar bayar dinyanyikan mahasiswa dalam. Aksi #IndonesiaGelap di jakarta. #kamibersamasukatani,netral
1042,Bagaimana keadaan dilapangan saat jni? Apakah adik-adik mahasiswa baik-baik saja? #IndonesiaGelap,netral
1043,#IndonesiaGelap Mak...aku takut tapi aku mau berekspresi juga :) https://t.co/TFibhiQWXF,negatif
1044,KAWAN SENDIRI AJA DI KUNYAH APALAGI ORANG LAIN...... #IndonesiaGelap #BayarBayarBayar,negatif
1045,#IndonesiaGelap #DarkIndonesia #IndonesiaGelap2025 panjang umur perjuangan,positif
1046,Rusak dah negeri ini. #IndonesiaGelap #Makasar #SaveMahasiswa Tolong Pak @mohmahfudmd ini pelanggaran HAM Berat gak ya,negatif
1047,Boikot massal media provokator seperti @CNNIndonesia. Lebih baik follow akun BBC @BBCIndonesia. #IndonesiaGelap #IndonesiaGelap2025 #IndonesiaGelapGulita #DarkIndonesia https://t.co/emZolSIShE,negatif
1048,jujur malu tinggal di indonesia ini #IndonesiaGelap #AdiliJokowi,negatif
1049,Fondasi negara ini sudah hancur lebur karena para petingginya gak peduli lagi sama undang-undang gak peduli lagi sama aturan gak punya etika dan bertindak seenaknya sendiri. Kalo keadaannya begini terus tinggal tunggu waktu saja sampe negara ini runtuh #IndonesiaGelap,negatif
1050,@AdindaZahrany07 ugm malu dulunya punya jokowi #IndonesiaGelap #AdiliJokowi,negatif
1051,Karya Iwan Fals di Bredel jg Saat ORBA .. 2004 -2009 iwan Fals mengeluarkan album Manusia Setengah Dewa #IndonesiaGelap #IndonesiaGelap2025,netral
1052,#IndonesiaGelap #DarkIndonesia #IndonesiaGelap2025 panjang umur perjuangan,positif
1053,Luar biasa! Ini upaya yang keren banget... #IndonesiaGelap,?
1054,Hukum aja bisa dibayar #IndonesiaGelap,negatif
1055,Bisakah ini #IndonesiaGelap,netral
1056,@NanasKukus @lievvv4 Iya tiap ada demo tau nya dr X mulu. Semoga yg lg pd demo dilindungi selalu #IndonesiaGelap,positif
1057,Keren abang abang semuanya terimakasih mari kita support yang sudah berjuang #IndonesiaGelap,positif
1058,alah pret #IndonesiaGelap,negatif
1059,Stay safe buat yang masih mau turun jalan nanti. Perjuangan belum selesai. Belum saatnya terbakar jangan mati sebelum besar!! #IndonesiaGelap,positif
1060,Gabisa tidur kalau belum buat #ArtistBersuara #IndonesiaGelap #DarkIndonesia https://t.co/rGal4kqHUd,netral
1061,SIKLUS DI NEGARA KONOHA: PEMERINTAH BUAT KEBIJAKAN&gt;MASYARAKAT SADAR KALAU ITU MERUGIKAN&gt;PRESIDEN BATALKAN DAN SEOLAH JADI PAHLAWAN. #IndonesiaGelap,netral
1062,13 tuntutan aksi #IndonesiaGelap https://t.co/YFbz1LglJk,netral
1063,Soal apa itu yg Di Amankan Bg @ListyoSigitP .. Hoax apa Fakta .. kalau Ada Domino Efect Klimak Karena Mreka Muak .. Mreka/Org Tua Bayar Pajak Utk Gaji Tunjangan Fasilitas Berikut Kenakalan Kalian dlm 12% . #IndonesiaGelap #IndonesiaGelap2025,negatif
1064,Dear kawan-kawan seperjuangan silakan pakai aset fotoku di Aksi #IndonesiaGelap 21 Februari tadi. Tidak perlu kredit pake aja https://t.co/7imJJgNG3t https://t.co/tto5E2liuB,?
1065,@_DPRHARU maaf cuman bisa bantu melalui media sosial #IndonesiaGelap #daruratindonesia #PeringatanDarurat,?
1066,@tham878 Karena mempunyai roh yg sama untuk melawan ketidakadilan dan mengadili jokowi. #IndonesiaGelap #DarkIndonesia,negatif
1067,Ada gak TV mainstream dalam negeri menyiarkan berita demo mahasiswa seperti ini tv nasional di luar negeri? #IndonesiaGelap #IndonesiaCemas #KaburAjaDulu https://t.co/9B1bjltjdZ,netral
1068,Ya Allah knp aku WNI #IndonesiaGelap,negatif
1069,Hamdalah. Home. Terima kasih orang2 baik yg ksh gratis air dan makananan. Semoga semua yg hadir baik2 saja. Sampai menang. ️#IndonesiaGelap,?
1070,Mungkin mmg @CNNIndonesia ditugasi utk framing kalo demo #IndonesiaGelap itu rusuh Mrk ga pengen Indonesia digdaya dan maju Krn pemuda/i nya cerdas hasil pendidikan yg bermutu dan murah Kita buat menyalaaaa Indonesia dgn perlawanan,negatif
1071,Stay safe everyone semoga Tuhan melindungi kalian semua #IndonesiaGelap,positif
1072,Ketika kebijakan tidak lagi bijak di mata masyarakat dan justru malah menyengsarakan. Patut lah menggema tagar #IndonesiaGelap,negatif
1073,@Jateng_Twit Pas viral aja.. omonganya kalem pas gk ad kamera serem2.. bahkan smpe guru d pecat.... koplak..... masyarkat gk bodoh pak..... #IndonesiaGelap,negatif
1074,@AntoniusCDN @WagimanDeep212_ @GunRomli @islah_bahrawi @KangManto123 @03__nakula @ahmad_bellamy @Anak__Ogi @Ary_PrasKe2 @barengwarga @ch_chotimah2 @Cintada16 @DS_yantie @NgkongRoses @seruanhl Mulyono bayar media buat propaganda coy #IndonesiaGelap,negatif
1075,Bayar aja jgn dilawan #IndonesiaGelap https://t.co/x0ScIDZ7DI,negatif
1076,@Franken_blues Hahaha BuzerRp sachetan #IndonesiaGelap karna kalian sampah² perdaban,negatif
1077,Korban dari kebijakan efisiensi itu rakyat yang untung tetap pejabat. #Kehed #IndonesiaGelap,negatif
1078,#IndonesiaGelap Teman² di balikpapan kalimantan timur pada ketangkap 4 jam lalu.. https://t.co/8dKoXYuMFk,negatif
1079,Gamis kekinian warna soft motif bunga cuma 170 ribuan. lipstick istri sah Polda Jateng GoFood Hemat Promo Tanggal Tua Mikha #IndonesiaGelap Fadli Zon #NewtopiaEp4 Patung Kuda Kepala Daerah PDIP skincare viral Buruan checkout link dibawah atau bio atas! https://t.co/bKT1C6yvGv https://t.co/mbF9pctKL6,netral
1080,gue akui tulisan gue suicidal mentok. tapi pernah ngga lo disuru bundir sama pemerintah lo sendiri? #IndonesiaGelap #DarkIndonesia https://t.co/OtfZj5z1Wc,negatif
1081,@AgusSajiwo6023 @BujangMaya16 @Kucyber69 Sudah kok Mas. Salah satu dari 13 tuntutan yang diajukan oleh peserta aksi demo #IndonesiaGelap adalah mendesak Perppu perampasan aset. Posternya banyak dan berseliweran. Mungkin Anda saja yang nggak baca. Yah punya nama Agus sekarang ini memang berat Mas. Tapi,negatif
1082,@nirby CNN Indonesia mah emang buzzer dari awal mereka berdiri lol #IndonesiaGelap #13Tuntutan,negatif
1083,Pada aktor 98 baik yg demo dan yang di demo sekarang banyak yg sedang menikmati berkuasa di pemerintahan. Bung Karno said : perjuangan ku mudah karena melawan penjajah perjuangan kalian akan berat karena melawan bangsa sendiri . #IndonesiaGelap,negatif
1084,@RajaJuliAntoni Presiden pelayan mulyono dan oligarki #IndonesiaGelap #AdiliJokowi #IndonesiaGelap,negatif
1085,@are_inismyname @Heraloebss @Kimberley_PS08 Apabila tulisan saya menyinggung saya mohon maaf yg sebesar-besarnya terutama untuk yg namanya saya sebut-sebut dalam tulisan saya tadi Semoga mereka memahami perasaan saya. Terimakasih. #IndonesiaGelap #PeringatanDarurat https://t.co/8ffXMtewA3,?
1086,Bergentayangan menCEKOKI Calon Pemilih 2029 dgn Kesesatan Pikir Dgn Defect Sbg Anak Haram Konstitusi Cacat Pikir Cacat Kinerja Cacat Moral. Slh Satau Warisan Si Mulyono Si Fir aun Jawa #AdiliJokowi #IndonesiaGelap karenanya.,negatif
1087,@bustwedan @ferrykoto Opini tersampah. GMNI diberbagai kampus juga ada karena bersifat organisasi ekstenal yang tidak terikat dengan pertaturan kampus ditambah argumen dungu dengan membawa parpol PDIP karena adanya bendera GMNI di #IndonesiaGelap APAKABAR DENGAN ORGANISASI EKSTERNAL LAINNYA?,negatif
1088,@TOM5helby @PDI_Perjuangan Sebaiknya @PDI_Perjuangan @puanmaharani_ri berani ambil posisi sebagai Oposan agar @prabowo yg merupakan kelanjutan @jokowi tdk membuat #IndonesiaGelap terus. https://t.co/xkj3atU7ZW,negatif
1089,Sampai ada yang meninggal krn kebijakan serampangan #IndonesiaGelap https://t.co/s9CB2K2hlF,negatif
1090,#IndonesiaGelap Rakyat hanya budak bagi pemerintah Rakyat disuruh bayar pajak supaya penguasa yg kenyang Rakyat hanya sebagai kelinci percobaan https://t.co/kuwEF9A54G,negatif
1091,ANJRITTT JIWA WIBU-KU TERANCAM #IndonesiaGelap,netral
1092,@andikamalreza Bodo amat ajg. #IndonesiaGelap #IndonesiaGelap2025,netral
1093,@gg_02022020 Gila ini mah... 197T kerugian negara kerugian konsumen tinggal dikali aja. Volume pertamax periode itu dikali selisih harga pertamax - pertalite. Edaaaaaaann... #IndonesiaGelap,negatif
1094,@gajimu_id @hrdbacot @FederasiSEMESTA @BuruhYogyakarta #hukummatikoruptor bakar pake pertalite.. denda 10x kerugian sita aset dr keluarga mereka. Audit semua plat merah. Gw aja dh 3 thun pusing kena phk cri kerja dha kaya cri tuhan... #IndonesiaGelap,negatif
1095,Hari Rabu Hari Ini. Negeri Kelabu Negeri Ironi. Masihkah #IndonesiaGelap ?,negatif
1096,@INDONESIAPERKS4 Semua hasil rampok UU #IndonesiaGelap,negatif
1097,@SiaranBolaLive #hukummatikoruptor denda 10x lerugian negara dr sita aset keluarga mereka... hukuman pantas buat koruptor.... klau pemerintah gk bsa biar rakyat yg bergerak reformasi menghukum koruptor buat di bakar. #IndonesiaGelap,negatif
1098,@detikcom Ngga tahu presiden #IndonesiaGelap tidak bisa membaca juga ya Saham rontok PHK massal Pabrik2 pindah negara lain Harga2 makin naik Pengangguran meledak BBM palsu Kok bego tdk bisa baca data ya Kasihan negeri ini,negatif
1099,@yaniarsim Perjuangan belum berakhir jangan sampai Indonesia benar benar menjadi #IndonesiaGelap https://t.co/QeOMpc90iO,negatif
1100,Punya LCGC sejak beli sampai saat ini selalu pakai Pertamax dengan pertimbangan gak mau nyusahin pemerintah karena subsidi. Ternyata yg dikasih oplosan Pertalite. Babik emang kalian. #IndonesiaGelap #IndonesiaCemas,negatif
1101,Kan benar² anj#@$g namanya. Niat bantu negara. Malah di ginian. Bikin #KaburAjaDulu di bilang gak nasionalisme. Benar² dah #IndonesiaGelap,negatif
1102,@JaenoXTM Harga yg hrs dibayar utk suatu perjuangan #IndonesiaGelap,negatif
1103,@prabowo #IndonesiaGelap KPK Harus Bertindak karena Jokowi Minta Diadili. Monitor Yth @prabowo @KejaksaanRI https://t.co/PSTxrEk20X,negatif
1104,@AiraNtieReal wa'alaikumussalam warahmatullahi wabarokatuh lanjutkan beli Pertamax #IndonesiaGelap #PelayanOligarki,?
1105,@rahmaniarbaftim Malah si mul isik bebas keluyuran sa'enake ndase dewe #IndonesiaGelap,netral
1106,@Heraloebss Kpk kerjnya apa.. koplak... timah 300T pertamina 190T gula 500M makanya #hukummatikoruptor dan denda 10x kerugian negara sita aset dr keluarga mereka.. tuhan merka cuma tkut mismin jd selama gk miskin merka gk bakal tobat.. #IndonesiaGelap,negatif
1107,@TukangBedah00 TNI yang bertugas jaga negara suka mabok-mabokan gini haduh #IndonesiaGelap ‍,negatif
1108,Jika Anak Muda Sudah Tidak Yaman Tidak Hanya Kursi Jabatan Anda Di Jungkirbalikan Tapi Mungkin Akan Membuat Tatanan Baru #IndonesiaGelap #AdiliJokowiHargaMati,negatif
1109,@Beritasatu Kok nunggu tahu ke 4 pak Bulan ke 4 saja sdh mengecewakan Apa tidak bisa baca data Rupiah ambruk Saham rontok PHK massal BBB palsu Apa ndak mikir ?? #IndonesiaGelap Ndasmu,negatif
1110,@piyopikavet Dan itu 3 tahun setelah kisah legendaris Pembubaran Petral yg konon sarang mafia minyak .....bullshit berarti ya krn mafianya gak bubar ? #IndonesiaGelap https://t.co/J1rlQfOwHD,negatif
1111,@kompascom Hebat koruptornya pk. klau orang hebat cukup dengan sedikit orang hasilnya bagus..contoh egara2 .maju kabinet dikit tp jalan ini bapak kabinet gemuk korup bnyak... ini bapak bnyak orng gk ad hasil kan koplak.. #IndonesiaGelap #hukummatikoruptor,negatif
1112,Ya siapa tau #BoikotPertamax lebih punya taji dibanding #IndonesiaGelap,negatif
1113,Bergurulah ke Negeri Cina wahai Pemimpin Negeri supaya Rakyat Indonesia Makmur Sejahtera dan Korupsi bisa dihentikan jangan memberi ampun KORUPTOR dgn alasan apapun tidak ada koruptor yg berkelakuan baik ingat.... #IndonesiaGelap #IndonesiaGelap https://t.co/WxVK9Yu9Zx,negatif
1114,Kita sekarang dijajah bangsa sendiri. Apalagi dgn kekayaan alam yg dikorupsi bertriliyunan. #IndonesiaGelap,negatif
1115,@KompasTV KERUGIAN NEGARA MULU !!! KERUGIAN JUTAAN KONSUMENYA GIMANA !!! #BoikotPertamina #PertaminaSarangKoruptor #IndonesiaGelap,negatif
1116,@Dennysiregar7 Gelap.... #IndonesiaGelap #DarkIndonesia,negatif
1117,@kompascom #IndonesiaGelap yaa buat rakyat. dr kasus korupsi.. aja gelap buat rkyat ug d rugikan rakyat.. timah 300T pertmaina 190T gula 500M Terang ya buat pejabat apa lagi koruptor. korup hukuman cuma ringan aturan #hukummatikoruptor dan sita aset denda 10x dari harta keluarga mereka,negatif
1118,@NOTASLIMBOY Oh Lord lindungi negeri kami dari Para Tetua sayang anak/keponakan . Jangan sampe Negeri tercinta ini semangkin Gulita saja akibat ulah mereka. Doa rakyat jelata ketika melihat #IndonesiaGelap,negatif
1119,11 12 sama @henrysubiakto Penyesalan ga ada guna.. Di saat... #IndonesiaGelap #IndonesiaGelap,negatif
1120,@MariaAlkaff_ @prabowo Halu tingkat tinggi. Ukuran Indonesia Gelap bukan pd menteri² dan pejabat²mu pak. Liat rakyat sekarang woyy. PHK di mana² katanya mau ciptakan 19 jt lapangan kerja tapi pengangguran menurun maksudnya menurun keanak cucu bahkan cicit. Bullshit‼️‍️ #IndonesiaGelap #Ndasmu,negatif
1121,I just published SIBAYAKTOTO: Situs Togel Bebas Invest dengan Promo Terbesar dan BBFS 10 Digit https://t.co/RpWvmJvneo #IndonesiaGelap #indonesian #sibayaktoto #sibayaktototerpercaya #sibayaktotogacor #sibayaktotologin #sibayaktotoslot,netral
1122,Just Omon Omon Terserah kealan mo buat apa Rakyat sudah pasrah dan mau nya #KaburAjaDulu #IndonesiaGelap,negatif
1123,Ternyata selama ini pertamax itu pertalite. Kenapa sih hal kecil kek gini harus bohong #IndonesiaGelap,negatif
1124,Dimaafkan ga nih Wok @prabowo 193 treliun itu loh Wok . #PertaminaSarangTikus #IndonesiaGelap https://t.co/eVF9q61JR3,negatif
1125,#IndonesiaGelap Habis Gelap Terbitlah Gelap BRAVO TNI Tarkam !!!,negatif
1126,Daripada pusing mikirin harga Pertamax mending kita bikin Pertamax KW sendiri aja. Modal air putih sama pewarna makanan. #IndonesiaGelap Pertamina Pertalite,negatif
1127,@bacottetangga__ Yg bakar sekampung itu suruh tanggung jawab! Pejabat nya sibuk korupsi! rakyat nya saling bunuh! Indonesia rakyatnya tdk akan sejahtra selama koruptor tidak di hukum mati! #IndonesiaGelap #IndonesiaGelap,negatif
1128,Biasanya manusia menggigit saat makan. Apakah wiwi ikut makan? #IndonesiaGelap #AdiliJokowi https://t.co/8tk2BeacSp,negatif
1129,Pasti kebakaran atau ada maling kenna banjir ehh. Mau berharap apa toh mereka korupsinya sama- sama. Udah ada pembagian kue jd engga ada memang yg ada di sisi rakyat mereka kerja untuk rampok uang rakyat sebetulnya #IndonesiaGelap,negatif
1130,Saat melamar kerjaan terlalu banyak syarat dan ketentuan.. ketika kerja banyak tuntutan diluar jobdesk dan jam kerja. #IndonesiaGelap #korup #petinggikampret,negatif
1131,EMOSI BANGET GW!!! #IndonesiaGelap #IndonesiaGelap2025 https://t.co/jTYVdT8wOx,negatif
1132,Ya iyalah seneng bayangin uang yang bisa mereka tilep berapa. Kebal hukum coyy siapa yg engga seneng. Indonesia kacau mereka tinggal pindah keluarga negeri #IndonesiaGelap #danantara,negatif
1133,@kompascom Pertamina boncos ratusan trilyun kok menteri gak tau!!! Saking tololnya apa saking liciknya!!!! #IndonesiaGelap,negatif
1134,@bangjerrrr Rezim Jokowi Perusak Demokrasi Dan Korup ‼️ Rezim Prabowo Melanjutkan Kerusakan Rezim Jokowi alias Cacat Secara Konstitusi &amp; Korup ‼️ = #AdiliJokowi #IndonesiaGelap #KamiBersamaSukatani #KaburAjaDulu,negatif
1135,@Boediantar4 @Bagas1Abu92313 @prabowo @KejaksaanRI @kpk #IndonesiaGelap KPK Harus Bertindak karena Jokowi Minta Diadili. Monitor Yth @prabowo @KejaksaanRI https://t.co/PSTxrEk20X,negatif
1136,@Jateng_Twit Rezim Jokowi Perusak Demokrasi Dan Korup ‼️ Rezim Prabowo Melanjutkan Kerusakan Rezim Jokowi alias Cacat Secara Konstitusi &amp; Korup ‼️ = #AdiliJokowi #IndonesiaGelap #KamiBersamaSukatani #KaburAjaDulu,negatif
1137,@jackjackparrr Sesuai target dong.. cuma cuci uang dan nama makin tersohor harta naik jabatan naik stafsus. Klean atur lah. #IndonesiaGelap #IndonesiaGelap,negatif
1138,Budaya Korupsi 1. Pertamax oplosan Rp 193 7 T 2. BLBI Rp 138 T 3. Duta Palma Rp 104 1 T 4. TPPI Rp 35 T 5. Asabri Rp 22 78 T 6. Jiwasraya Rp 16 8 T 7. Izin ekspor CPO Rp 12 T 8. Garuda Indonesia Rp 9 37 T 9. Proyek BTS 4G Rp 8 T 10. Bank Century Rp 7 T #IndonesiaGelap,negatif
1139,@alisyarief Rezim Jokowi Perusak Demokrasi Dan Korup ‼️ Rezim Prabowo Melanjutkan Kerusakan Rezim Jokowi alias Cacat Secara Konstitusi &amp; Korup ‼️ = #AdiliJokowi #IndonesiaGelap #KamiBersamaSukatani #KaburAjaDulu,negatif
1140,I second that. Selain bahasa mastering spreadsheet adalah skill krusial buat bekal #KaburAjaDulu. Mumpung masih ada waktu buru sertifikasinya sebelum #IndonesiaGelap benar-benar tiba.,netral
1141,@abu_waras Asiik..omong omong by the way...wapres nya masih Gibran pak @prabowo ? Terang Indonesia karena Wapres nya Gibran anaknya Jokowi guru politik itu yak? Apa karena banyak korupsi? #IndonesiaGelap,negatif
1142,Anjing Jongos Jokowi #IndonesiaGelap,negatif
1143,@tekarok007 Benar benar #IndonesiaGelap Pejabat2 maling masih aja dibela dan membully yg vokal kritik pemerintah.,negatif
1144,@ARSIPAJA Rezim Jokowi Perusak Demokrasi Dan Korup ‼️ Rezim Prabowo Melanjutkan Kerusakan Rezim Jokowi alias Cacat Secara Konstitusi &amp; Korup ‼️ = #AdiliJokowi #IndonesiaGelap #KamiBersamaSukatani #KaburAjaDulu,negatif
1145,@irwndfrry jadi apatis #UangKuBukanUangNegara yg selalu dikorupsi lewat setoran pajak Dan upeti #IndonesiaGelap #IndonesiaRungkad,negatif
1146,@akuntwiter968 Kesalah Pak Tom krn beliau dianggap abuse of power alias penyahgunaan wewenang. Pdhl import itu atas perintah mulyono menurut Pak Tom. Aaah sudalah mulyono tdk akan salah dan tak pernah salah meskipun sdh menghancurkan bangsa ini menggunakan kekuasaannya. #IndonesiaGelap,negatif
1147,Selamat pagi #IndonesiaGelap #AdiliBapaknyaFufufafa #FufufafaAibNasional https://t.co/lYybhhc7yu,netral
1148,Cobain Deh Sensasinya Bikin Melayang! Katanya sih Pertamax palsu itu limited edition. Cuma sultan yang bisa rasain sensasinya. #IndonesiaGelap Pertamina Pertalite https://t.co/aF1m1vMss7,netral
1149,Yang kemarin setelah pensiun mau pulang kampung trus momong cucu kok malah sibuk kesana kemari ya sambil beryahana yahanu yahani mmmprrrfffftt #IndonesiaGelap #AdiliBapaknyaFufufafa #FufufafaAibNasional https://t.co/ERa3ObnKu7,negatif
1150,@CNNIndonesia menteri hasil gemblengan Akmil magelang keluarga lebih penting daripada rakyat kebiasaan cawe2 pengaruh negatif dari pemimpin sebelumnya layak segera di reshafle gak pake lama bikin malu Prabowo yg jaranya pro rakyat @Gerindra #IndonesiaGelap,negatif
1151,Sarapan pagi disuguhi dengan ngeliat orang orang ngabisin duit negara Sama orang yang mabok PERTAMAK 193 T Gymana mau sehat warga Indonesia ini..... Dibikin tarik nafas Mulu ‍‍‍‍ #IndonesiaGelap https://t.co/D7o18Rs9rn,negatif
1152,@BurhanMuhtadi @ardisatriawan ternyata Mafia Migas itu beranak pinak .. dari Hulu sampai ke Hilir 193 7 Triliun dikorupsi .. apa ini yang disebut dengan #IndonesiaGelap ? #MafiaMigas #Korupsi #Pertamina,negatif
1153,Pertamax lite nanti ada Pertamax pro awokwok kaya hp aja #IndonesiaGelap,negatif
1154,Setelah MENIPU Rp 193 Triliun #IndonesiaGelap #KorupsiPertamina https://t.co/rCQ2ztALsP,negatif
1155,@uyoktweet Iklan yang ditampilkan berbanding terbalik dengan produk yang diberedar di pasaran barang busuk mau dipoles kek manapun ya tetap aja busuk. #IndonesiaGelap https://t.co/0AesIodZ1r,negatif
1156,@Piyusaja2 Pantesan kualitas Pertamax 92 belum mampu mencapai standar Euro-4 yng mengakibatkan polusi udara tinggi. Udah di korupsi dan skrg efisiensi anggaran makin sulit tercapai euro-4 makin tertinggal dgn kualitas BBM di negara² Asia Tenggara. Nasib ! #IndonesiaGelap #IndonesiaGelap https://t.co/k9hkBNPpFc,negatif
1157,Kurang baj****n gimana. Sementara rakyat tersengal² hidup dg penghasilan pas2an mereka hidup bergelimang harta yg bahkan dalam satu detik pun mereka masih dapat penghasilan lebih dari Rp 1000. #IndonesiaGelap https://t.co/CDn9xcZswt,negatif
1158,@WagimanDeep212_ #IndonesiaGelap PELAKUNYA WAYANG LAMA.... https://t.co/UKgxJdyzD7,negatif
1159,@tanyarlfes Dosen ngak cair tukin dr 2021 sampe 2024 aja ngak cair dan sekrg 2025 ngak cair lagi sekrg berikan Alfatihah kepada org org yg berjuang di #IndonesiaGelap,negatif
1160,Sebelum ketok palu Gaungkan terus Tolak Revisi UU Kejaksaan ‼️ Karena kewenangan yang ada dalam Revisi UU Kejaksaan sangat lah berbahaya jika terjadi dpt disalahgunakan. #IndonesiaGelap Indonesia Cemas Pertamina Pertamax Pertalite Banyak Liga 1 RON 32 BUMN https://t.co/5C3AttFXhV,negatif
1161,BISA JADI. Tapi makin kesini jadi makin jelas aja kalau pemerintah tuh sebenernya kayak kontol. #IndonesiaGelap tuh beneran wkwkwk,negatif
1162,Ah gila BBM dioplos. Emang BUMN SEBESAR ITU GAK PUNYA QUALITY CONTROL? #IndonesiaGelap,negatif
1163,Rakyat pak. Rakyat ga tahu kalian ngapaian aja kenapa tujuannya apa siapa yg diuntungkan. Negara jalan di atas ego penguasa itu bukan negara hukum. Itu negara gelap. #IndonesiaGelap,negatif
1164,@ismailfahmi Akhirnya ada berkomentar spt dan sadar #IndonesiaGelap,netral
1165,Pejabat Indo Gelap #IndonesiaGelap,negatif
1166,@mmaryasir Tryta #IndonesiaGelap sdh menyatu dlm semangat mereka menjalankan program,netral
1167,@Epricila10 HIDUP MAHASISWA #IndonesiaGelap #KaburAjaDulu #AdiliJokowi #Indonesiabubar NDUASSSSSMUUUUU,?
1168,@detikcom Harapan palsu masih hidup??????? FULL OMON-OMON NO ACTION TALK ONLY JOGET-JOGET #IndonesiaGelap #KaburAjaDulu #AdiliJokowi #indonesiabubar,negatif
1169,@SigitWasito8 HIDUP MAHASISWA #AdiliJokowi #IndonesiaGelap #KaburAjaDulu #IndonesiaGelap,?
1170,@Kiyai_MarufAmin Keadaan Negara Gawat Yai ... Yai Harus Speak Up... Jan Diam Yai ... Please ... #IndonesiaGelap #AdiliJokowi,negatif
1171,Optimis dan ujub beda tipis trnyta.. Krn ada yang lebih Tuhan drpd tuhan.. #IndonesiaGelap #AdiliJokowi,negatif
1172,Suram sudah Indonesia #IndonesiaGelap,negatif
1173,@CherylTanzil @psi_id masih lo mau bilang ini langkah terbaik pemerintah ? @Uki23 Bayar pajak hanya untuk menggaji orang orang yang tidak berguna. #IndonesiaGelap,negatif
1174,@JuniPutra2159 @NenkMonica @pertamina @erickthohir pun akan mengelak jika dimintai pertanggungjawaban selaku menteri BUMN. #IndonesiaGelap nyata adanya.,negatif
1175,@Dandhy_Laksono Kalo pertamax 92 isi 90 apa pertalite 90 campur aer ;) #IndonesiaGelap,negatif
1176,@geloraco Hahaha jokowi jancok tenan!!! #IndonesiaGelap,negatif
1177,Atp pengen jadi boss mafia baik and stands up for the people melawan rezim #IndonesiaGelap,negatif
1178,KLOP !! karena bapaknya koruptor terkenal sedunia .. kurang apalagi ?? INDONESIA !! MANA SUARANYA?? #AdiliJokowi #IndonesiaGelap,negatif
1179,@AraituLaki Hahaha sy juga udah nyumpahin waktu itu... Ternyata udah #IndonesiaGelap waktu itu ;) https://t.co/BLtSaX0xfO,negatif
1180,@kidemang1802 @Mdy_Asmara1701 Sedih #IndonesiaGelap,negatif
1181,Di Indo beli Pertamax dapetnya Pert..olol anjing tai babi! #IndonesiaGelap,negatif
1182,tanda2 #IndonesiaGelap RAMPOK MALING KORUPTOR MERAJALELA DI NEGRI INI,negatif
1183,Muhammad Kerry Andriato adalah generasi millennial yang punya pendidikan sangat baik dan berkelas dunia di Singapura dan Inggris. Tetapi punya hati yang busuk dan kriminal. Bagaimana menjelaskannya? #IndonesiaGelap https://t.co/uSNAHe27vg,negatif
1184,Jadi orang Suci kalo lagi di bawah tapi kalo sudah di atas sama aja bakal ikut jadi GELAP #IndonesiaGelap https://t.co/JddvyWhXYm,negatif
1185,@diamondicecake Insom bukannya matanya selalu terang tengah malem gak sih yang gelap itu indonesia #IndonesiaGelap,negatif
1186,@Jateng_Twit Kagak lah..... #IndonesiaGelap #DarkIndonesia #Ndasmu #DarkDanantara,netral
1187,Emang gabisa dipercaya kata2 ni aki-aki #AdiliJokowi #praboworezimboneka #IndonesiaGelap,negatif
1188,@kompascom Udah 1 Negara di bohongin tp masih minta buat di percaya lagi sih janggal. Mending pake #vivoenergyindonesia atau pake @bp_Indonesia ketahuan pelayanan bagus. #BUMNpenipu #IndonesiaGelap #pembohonganpublik #oknumpemerintahkorup,negatif
1189,@asumsico Mulyonoooooook 10 th rakyat di tindas semua hutan lautan tambang kekayaan bumi kau korup triliunan aku bersumpah suatu saat nanti kau hancur oleh rakyat hukum mati koruptor rampas semua aset nya negri ini udh #DaruratKorupsi #IndonesiaGelap @prabowo harus ambil langkah,negatif
1190,@mardiasih Sdh Kering on Mau ada cucian baru.. Msh banyak yg basah apalagı yg baru di resmikan #IndonesiaGelap #ParaPencuriUangRakyatJadiPejabat #,negatif
1191,@papa_loren Wkwkwkwkwkwkwkwk Ah sudahlah #IndonesiaGelap,netral
1192,@asumsico Kaga bakal percaya sama pemerintah. Orang bilangnya pertamax aja ternyata isi pertalite kok. Bener cabut aja dari bank BUMN. #IndonesiaGelap,negatif
1193,@jatamnas Pada akhirnya bodoamat sama negara. Mau bubar ya monggo mau apapun monggo. Someday wapres bilang anak muda jangan pesimis harus optimis . HALAH KONTOL ANAK HARAM GAUSAH BACOT! JABATAN LU HASIL GIVEAWAY! #IndonesiaGelap,negatif
1194,Semakin lama di X semakin sadar betapa kacaunya negeri ini. Rasanya tiada hari tanpa kekacauan pemerintah. Indonesia sudah gelap segelap-gelapnya #IndonesiaGelap,negatif
1195,Baru nyadar demo #IndonesiaGelap kemaren nggak ada hasil apa2,negatif
1196,Sdh 3 taun setia pake Pertamax tapi ngelus dada lihat maling duit rakyat makin merajalela. Rugi gede banget! Bayangin kalo duit hasil korupsi dialokasiin utk tukin ASN Dosen di Kemendiktisaintek. Bener2 #IndonesiaGelap #IndonesiaGelap #korupsipertamina #tukinforall,negatif
1197,brengsekkk mtr kesayangan gue kena prank. selama ini gue rawat kaya malika diminumin pertamax plot twistnya ternyata pertalite?!?! BANGKE LO PATRAA #boycottpertamina #IndonesiaGelap #indonesiabubar,negatif
1198,Ini akibat oknum bambang hero yg jadi asal muasal #tangkapbambanghero #adilioknum #kejagungri #dominuslitis #indonesiagelap https://t.co/W8qLitFzzJ,negatif
1199,Ada kepentingan besar dibalik ini semua #tangkapbambanghero #adilioknum #kejagungri #dominuslitis #indonesiagelap https://t.co/c56CZl5Gb6,netral
1200,@NenkMonica Gimana gak gelap wok! @prabowo moh buktinya kejagung baru nangkep dirut pertamina kaleng2 yg nyolongin pertalite! Nah rakyat disuruh Bahlil antre pake pertalite mau dihapuslah pake barcode lah! Menteri sama pejabat2nya sama koruptor semua! Jangan ngenyek! #IndonesiaGelap,negatif
1201,ini merusak keamanan??? INIII???? MERUSAK KEAMANAN????? #DarkIndonesia #IndonesiaGelap #TikusGaruda,negatif
1202,Ini akibat oknum bambang hero yg jadi asal muasal #tangkapbambanghero #adilioknum #kejagungri #dominuslitis #indonesiagelap https://t.co/XYcIYlLMFx,negatif
1203,Kejagung jadi alat kepentingan mengerikan #tangkapbambanghero #adilioknum #kejagungri #dominuslitis #indonesiagelap https://t.co/AKstldEan3,negatif
1204,@Jeotnghan Takut kok sama aces bang? Takut tuh sama #indonesiagelap kita belum ambis bang. Next event harus tunjukkin siapa diri kita ke outres!,negatif
1205,Ini akibat oknum bambang hero yg jadi asal muasal #tangkapbambanghero #adilioknum #kejagungri #dominuslitis #indonesiagelap https://t.co/eUpi3alL5Y,negatif
1206,Ada kepentingan besar dibalik ini semua #tangkapbambanghero #adilioknum #kejagungri #dominuslitis #indonesiagelap https://t.co/8u8CERcR3P,negatif
1207,@AraituLaki @aksioma02 @pertamina Mereka nipu rakyat ugal-ugalan rakyat harusnya balas dengan ugal-ugalan juga. Yang selama ini dirugikan beli Pertamax harus minta ganti BBM Gratis ke Pertamina. Setuju gak? #IndonesiaGelap,negatif
1208,@Louis_chantika Pejabat korup Mental bandit rampok maling pencuri Bajingan Bangsat semua tanpa terkecuali termasuk yg di Istana Negara/Merdeka Gedung2 Pemerintahan Kementerian Gedung MPR/DPR. Untung gw GOLPUT dlm Pileg 2024 DPR RI &amp; DPRD kmrn. #IndonesiaGelap https://t.co/jxhxhZybCd,negatif
1209,Ikannya aja sampe buta #IndonesiaGelap,netral
1210,@tempodotco The real KOLUSI bersama² antara Presiden dan calon presiden utk mencapai tujuaan kelompok dan golongannya. Dibuktikan dengan ucapan terima kasihnya bukan kepada rakyat dia berterima kasih. #IndonesiaGelap,negatif
1211,@fantsguy SARAN YA KALAU MACANG KAYAK GITU LEBIH BAIK BAKAR MOBIL NYA BILA PERLU SAMA ORANG DI DALAM NYA ORANG TERSEBUT TIDAK ADA GUNANYA UNTUK HIDUP . #IndonesiaGelap,negatif
1212,@AK_47_new Sekarang dapat lawan setanding #keok #BayarBayarBayar @DivHumas_Polri #IndonesiaGelap,negatif
1213,Dosa mereka membuat rakyat babel menderita #IndonesiaGelap #Kaburajadulu #kejagungRi #dominuslitis #babel #271t https://t.co/rS8AlqFWGF,negatif
1214,@NMuzaefa @sersanmabuk Lebih suka nyimak kalau TNI beramai-ramai keroyok dan usir TKW China yang telah memiskinkan rakyat indonesia. #UsirTKAChina #IndonesiaGelap #DarkIndnesia,negatif
1215,@cobeh2022 Habis gelap terbitlah koma. Habis koma endingnya bubar.....!!!! πdha$mu . #IndonesiaGelap,negatif
1216,@Piyusaja2 Tolong disadari juga Semua keributan ini bisa jadi hanya pengalihan isu Danantara dan isu miring lain nya dari rezim saat ini Asli lah ini beneran #IndonesiaGelap,negatif
1217,Ini sih kasus yg sengaja dibuat2 seperti ada kepentingan soal bisnis #IndonesiaGelap #Kaburajadulu #kejagungRi #dominuslitis #babel #271t https://t.co/1jcOmSupcj,negatif
1218,seharusnya tertunduk malu! bukan tersenyum dibawah syahdu melihat semut merambati gedungmu #IndonesiaGelap,negatif
1219,Kejaksaan lagi kejar setoran naikin rating biar jadi APH no 1 di Indonesia kocak emang #IndonesiaGelap #Kaburajadulu #kejagungRi #dominuslitis #babel #271t https://t.co/MgOKbP31G3,negatif
1220,@penaikhwan RT/RW LURAH CAMAT BUPATI .... APA TIDUR !!!!! #President @prabowo #RT #RW #KEPALADESA #CAMAT #BUPATI #INDONESIAGELAP @prabowo @gibran_tweet,negatif
1221,@S4N_W1B1 Penggantinya fufufafa... #IndonesiaGelap yang terang cuma keluarga dan kroni dia doang... Anjir...,negatif
1222,Kenapa sih para pejabat kita giliran udah ketahuan maling uang negara harus dipakein masker? Lagi pilek atau gimana? Ok! Jadi SPBU bkn lagi akronim dari Stasiun Pengisian Bahanbakar Umum tapi Stasiun Perampokan Bahanbakar Umum Negara ini mmg makin sakit yah #IndonesiaGelap,negatif
1223,@tijabar maling uang rakyat kalau hanya di penjara sama aja bohong lebih baik di exsekusi seperti negara china . #indonesiagelap #indonesiadrama #indonesiapadam #indonesiapanas #china #RRC,negatif
1224,Ini sih kasus yg sengaja dibuat2 seperti ada kepentingan soal bisnis #IndonesiaGelap #Kaburajadulu #kejagungRi #dominuslitis #babel #271t https://t.co/sgwPxeRNVS,negatif
1225,Ada banyak Kasus Pelanggaran HAM berat Dr Puluhan Tahun Lalu Berharap Sama @NataliusPigai2 @Just_Mugiyanto utk Pengadakan pengadilan HAM independet di indonesia .. jauhhh .. #IndonesiaGelap,negatif
1226,@sutanmangara Indonesia darurat hukum..hukumnya kebalik yang bener dikasusin yang salah dibiarin.. Hukum di Indonesia bisa nego selama SOPAN (sogokannya pantas) dikira semua didunia ini kgk ada pertanggungjawabannya.. Allah yahdik #IndonesiaGelap #AdiliJokowi,negatif
1227,@RagilSemar Maraban beurit #IndonesiaGelap,netral
1228,Emang selalu gini yak kondisinya(?) dahal pas jaman bocah cuman tau berita2 seorang anak dikutuk jadi ikan pari penampakan di adzan maghrib global viralnya lagu gaby &amp; punk street indonesia dll. Skrg(?) d spam sama berita2 bikin istighfar mulu #IndonesiaGelap,netral
1229,Tobat ges masa' iye mau masuk neraka bareng pejabrut korup #IndonesiaGelap,negatif
1230,@BosPurwa Semua ada masanya.. Para pengkhianat bangsa dan negara ini akan berakhir dengan sendirinya.. Jangan seneng dlu ya.. Semua ada pertanggungjawabannya.. Bersiap² aja.. Allah itu maha Adil #IndonesiaGelap #AdiliJokowi,negatif
1231,@tempodotco saya tambahin #indonesiagelap,netral
1232,@bagemeee Mereka dahar beurit #IndonesiaGelap,negatif
1233,@arifin34533 Ndasmu!!! #IndonesiaGelap,negatif
1234,@CakKhum Para pengkhianat bangsa dan negara.. #IndonesiaGelap #AdiliJokowi,negatif
1235,@Dandhy_Laksono SELAMAT DATANG DI NEGERI PARA PEJABAT ASU #IndonesiaGelap,negatif
1236,@MichelAdam717 Aparat pelindung siapa???......... #IndonesiaGelap,negatif
1237,Malu ga tuh salah tangkap.. Baru di Indonesia orang yang ga bersalah dikasusin yang salah dibiarin.. Indonesia emang darurat hukum. #IndonesiaGelap #AdiliJokowi,negatif
1238,@msaid_didu Kapanggih ayeuna mah ....... Geus moal baleg #IndonesiaGelap,negatif
1239,@Mdy_Asmara1701 Dosa ga yach klo ketawa.. Tapi kan usahanya cuma formalitas.. #IndonesiaGelap #AdiliJokowi,negatif
1240,and I will always say mampus itulah hasil dari kelakuan tone deaf kalian #IndonesiaGelap,negatif
1241,@DS_yantie Ndasmu!!! #IndonesiaGelap,negatif
1242,@mrcorleoneeeeee Lu aja yg jelas buzzernya Prabowo &amp; elit2 pengkhianat! Emang ga da debat rakyat tahu #IndonesiaGelap. Prabowo elit2 pengkhianat &amp; situ aja yg sibuk bikin ilusi Indonesia Cerah lewat buzzer2 influencer &amp; media. Jd yg sedang melakukan war trhdp rakyat ya kalian ini elit2!,negatif
1243,@kompascom Ya pasti yang muda kuda yang ngeliat #IndonesiaGelap kalo si wowo mungkin udah checkout duluan .... dan bebas dari tanggung jawab ... https://t.co/GKqcIQOQIX,negatif
1244,Lu aja yg jelas buzzernya Prabowo &amp; elit2 pengkhianat! Emang ga da debat rakyat tahu #IndonesiaGelap. Prabowo elit2 pengkhianat &amp; situ aja yg sibuk bikin ilusi Indonesia Cerah lewat buzzer2 influencer &amp; media. Jd yg sedang melakukan war trhdp rakyat ya kalian ini elit2!,negatif
1245,Udah kurang ditipu apalag rakyat Indonesia ini. Penipuan dari hulu ke hilir. Penipuan yg dibeking secara terstruktur. Yakin loe pemerintahnya gk tau??? Bego aja klo gk tau!!! #IndonesiaGelap #IndonesiaGelap #IndonesiaGelap,negatif
1246,#IndonesiaGelap #AdiliJokowi Lenyap begitu saja..,negatif
1247,@asumsico Makanya koruptor tuh wajib hukum mati dan denda 10x kerugian negara sita aset dr harta dan keluarga koruptor atas bwah kanan kiri. Gw jamin mw sejahat2 orng klau hukuman berat mikir lagi... ornag yg 300t aja cuma 6.5 thun. Kan koplak hukum d indonesia #IndonesiaGelap,negatif
1248,woi ini hukum pancung lah koruptor2 di negara lu sat @prabowo. ohiya sama aja kan ya lu? #IndonesiaGelap #IndonesiaGelap2025,negatif
1249,Anjlok Bro .... #IndonesiaGelap,negatif
1250,Ayo pak Tom lembong Gugat balik. #IndonesiaGelap #AdiliJokowi,negatif
1251,#IndonesiaGelap #AdiliJokowi Allah yahdik.,netral
1252,@humansnob Ubur ubur ikan lele Koruptor takabur karna vonis nya sepele Ubur ubur ikan lele Polisi tidur adalah yg paling kece Ubur ubur ikan lele Danantara cukong makmur rakyat kecele Ubur ubur ikan lele Bensin dibatasi sisane dicampur jadi mahal lek #IndonesiaGelap,negatif
1253,Di TIPU BANGSA LAIN DI TIPU BANGSA SENDIRI #korupsipertamina #korupsimerajalela #IndonesiaGelap,negatif
1254,@Mdy_Asmara1701 Tergantung kemampuan tahanan.. Jika SOPAN (sogokannya pantas) yach bisa nego #IndonesiaGelap #AdiliJokowi,negatif
1255,Masih #IndonesiaGelap https://t.co/hX3LVN4vcA,netral
1256,@puanmaharani_ri Jangan mengatasnamakan rakyat klo yang terjadi sebenarnya bermanfaat untuk kepentingan pejabat pemerintahan.. Rakyat selalu di jadikan tumbal untuk kepentingan kalian. Allah yahdik #IndonesiaGelap #AdiliJokowi,negatif
1257,@NenkMonica Rakyat diperbudak oleh sistem yg mereka buat secara sepihak jelas ini penjajahan. Pantas disebut #IndonesiaGelap tidak ada yg sifatnya transparan dan semoga kalian di Neraka pemimpin yg berlaku zolim @prabowo dosa kalian terhadap rakyat sudah melampaui batas.,negatif
1258,@artant0 pemerintah brengsek #IndonesiaGelap,negatif
1259,@tempodotco Mampus lu wo ndasmu #IndonesiaGelap #AdiliJokowi,negatif
1260,@M45Broo_ Sebagai tanda bakti murid kepada guru #IndonesiaGelap #AdiliJokowi,netral
1261,@Dandhy_Laksono Kesan pesan februari? Babak belur coy belum selesai kasus A udh diganjel sana sini - aksi #IndonesiaGelap - Danantara - Korupsi pertamina - Efisiensi - Sukatani,negatif
1262,menyala bro #IndonesiaGelap wkwk habis kata2 gw buat negara ini,negatif
1263,KORUPTOR MENCURI TRILIUNAN.. MAKAN BERGIZI GRATIS. CUMA LAUK TEMPE DAN TELUR SEPOTONG. #IndonesiaGelap https://t.co/YGLmTi2xww,negatif
1264,Kesan pesan februari? Babak belur coy belum selesai kasus A udh diganjel sana sini - demo #IndonesiaGelap - Danantara - Korupsi pertamina - Efisiensi - Sukatani,negatif
1265,Polisi geblek! Ambulan bawa pasien bukannya dikasih jln malah ditilang! Hebat bgt polisi di Konoha. @ListyoSigitP @DivHumas_Polri #IndonesiaGelap #adilijokowimeluas https://t.co/xx58gEtnb1,negatif
1266,KPK dilemahin Koruptor dibanyakin KKN dicontohin Oligarki disuburin hasilnya... Rakyat makin miskin Trus hebatnya Mulyono di mana ? #IndonesiaGelap https://t.co/FIMlFtP03Y,negatif
1267,@hammsqi Gasinnn ngabbss gacor parahh emang link nya di danantara #IndonesiaGelap https://t.co/5RAzMHlLa8,netral
1268,@tijabar @wiroi_ Menuju Indonesia Cemas Balik Kanan Bubar Jalan... #IndonesiaSarangRampok #IndonesiaGelap,negatif
1269,Keren dan asyik neh Lagu Mulyono #IndonesiaGelap #AdiliJokowi https://t.co/OhCeYXhHsY,negatif
1270,Era baru kolonial start over di sepakbola nasional. Jabatan penasihat teknis timnas dikasi ke jordi cruyff Termasuk bagian #IndonesiaGelap ga?,negatif
1271,@SiaranBolaLive Tolonglah para koruptor dihukum mati dan sita semua asetnya. Kami rakyat indonesia ingin mendapatkan kehidupan yang layak. Dan ingin indonesia menjadi negara maju bebas korupsi #DaruratKorupsi #IndonesiaGelap #hukummatikoruptor,negatif
1272,Indonesia Bisa gak sih Negara ini di reset ulang aja Tiap hari negara ini makin ajoorrr #IndonesiaGelap,negatif
1273,Algoritma timeline dipenuhi kemarahan publik soal korupsi Pertamina. Hal sekecil pertamax pun boongin rakyat. Kayak gini masih enggan mengakui #IndonesiaGelap dan menganggap Indonesia baik baik saja?,negatif
1274,Semua terjadi dijaman Jokowi. Karena Jokowi #IndonesiaGelap #AdiliJokowi,negatif
1275,Olok-olok Presiden RI atas Tajuh #IndonesiaGelap yg digaungkan oleh Mahasiswa. Utk mengakomodir tuntutan Mahasiswa itu kayaknya mustahil deh ! https://t.co/OqKKitG1et,negatif
1276,@tanyarlfes Makanya kk klo gk mau BAYAR BAYAR BAYAR jangan lapor polisi ! Ehh gk bahaya gk yah ! #INDONESIAGELAP #KABURAJADULU,negatif
1277,Tanda hormat dari seorang presiden kepada seorang yang ikuat andil mengantarkan beliau menggapai singgasana. #Indonesia #IndonesiaGelap https://t.co/sxHrtvdCGm,negatif
1278,@kompascom #BoikotPertamina Mendingan swasta emang. BUMN TAI #IndonesiaGelap,negatif
1279,Di YouTube bertebaran video yang mendiskreditkan gerakan perlawanan rakyat di aksi #IndonesiaGelap kemarin. Banyak video demo yang dikatakan tidak beradab atau kurang ajar. Karena berorasi dengan nyanyian misal Prabowo anjing dll.,negatif
1280,Menuju Indonesia Cemas #IndonesiaGelap #IndonesiaGelap https://t.co/nOXebnQ78r,negatif
1281,NEGARA INI UDAH BENAR2 GELAP. #IndonesiaGelap,negatif
1282,Ini ni akibat dari oknum bambang hero yang ga bertanggyng dan muncul masalah masalah ini‍ #tangkapbambanghero #adilioknum #kejagungri #dominuslitis #IndonesiaGelap https://t.co/RmmJJL5YZt,negatif
1283,Gendeng..... Opo2 d korup mesakne sing tumbas pertamax #IndonesiaGelap,negatif
1284,Jadi emang biasanya lebih sering pake Shell dibanding Pertamina dan karena minggu2 kmrn Shell stocknya ga ada jadilah ke Pertamina yang gampang didapet eh 2x isi rasanya sama aja jauh feel power yang didapet perbandingannya dengan kalau pakai V-Power.. #IndonesiaGelap,negatif
1285,@pasifisstate kemarin @niwseir koar-koar mananih A mananih G kok diem soal #IndonesiaGelap giliran pemilu aja suara kita dicari sekarang udah paham kan? masa sekelas mantan pegawai pemerintahan kudu dikasih contoh dulu,negatif
1286,Ini akan menjadi kerusakan sesion 2 Bahkan mungkin akan lebih full power lagi dg kapasitas beliau sbg mantan Jenderal Sudirman TNI Yg luar biasa loyalitas personal dibelakangnya. Ini akan menjadikan Indonesia betul #IndonesiaGelap gulita.,negatif
1287,Kita selalu ditipu oleh penguasa #IndonesiaGelap,negatif
1288,Twitter jdi X . Xnxx jadi apa ? #IndonesiaGelap,netral
1289,#IndonesiaGelap Terima kasih adik adik mahasiswa. Teruslah suarakan. Karena kalianlah harapan kami sebagai rakyat. https://t.co/UQ0qv9590v,?
1290,Kalo matiin ntar kebawa mimpi tuh #IndonesiaGelap sedih..,negatif
1291,Oplos terossssss!! Tipu rakyat terooossss!!! Makin gelap #IndonesiaGelap https://t.co/Ig0MOqtT84,negatif
1292,Yang bilang #IndonesiaGelap itu rakyat yang memiliki nalar waras pak... Rakyat menjunjung tinggi rasa keadilan.. Seharusnya mantan koruptor dan terduga kasus sudah tidak pantas menjabat di pemerintahan... Pandangan saya situasi ini sudah krodit @prabowo @Gerindra @bang_dasco,negatif
1293,Recap #IndonesiaGelap selama Februari: - Pelarangan penjualan gas elpiji - BBM non-BUMN tiba2 kosong - Realokasi APBN (pelayanan publik menurun layoff ASN &amp; Tenaga honorer) - Proyek sembrono Danantara - Pembungkaman karya seni - MBG tak kunjung membaik - Korupsi Dirut Pertamina,negatif
1294,beliau bukan sembarang beliau @0tk0il #IndonesiaGelap https://t.co/OXSakQo8L3,?
1295,Abis tukang ngeroko jadi tumbal PC lupa dimatiin jadi pelaku. Siapa lagi yg pantas jadi bahan alasan bego2in publik? #IndonesiaGelap https://t.co/QjD8LTF5GD,negatif
1296,Sudahlah Tuhan hancurkan saja negeri ini kami sudah muak dibohongi dihina dikangkangi diinjak dibodohi oleh para petinggi negara ini selama ini. Tidak ada keamanan dan kenyamaan hidup di negeri penuh kegelapan ini. #IndonesiaGelap https://t.co/mSjIlpW7Pw,negatif
1297,@Tan_Mar3M konoha negri di awan... tapi awan hitam... penyebab timbul #IndonesiaGelap,negatif
1298,Sesama muslim harus saling memaafkan Berat rasanya kalo buat pemerintah meski kita se-server. #IndonesiaGelap,negatif
1299,@DivHumas_Polri Parah nih di kabupaten Kotawaringin Barat ... #BisnisKriminalisasi #IndonesiaGelap https://t.co/URkrL8iNXl,negatif
1300,Tenang...Tenang Masih ada Kesempatan Pulang Dari Bui #IndonesiaGelap #pertamina #pertamax #Rusak #Danantara #adilijokowimeluas https://t.co/aLRY5jXKl0,negatif
1301,@semestasains Udah ga peduli lingkungan ga jd berguna pula. Org² ama kasus ini sedikit banyaknya jd lupa nih krn si pelaku terus²an bikin keanehan baru lainnya yg diluar akal sehat. #IndonesiaGelap,negatif
1302,Sepertinya sudah saatnya solusi ini dapat diterapkan dalam peraku korupsi di negara ini berapa juta orang sudah di zolimi sama manusia manusia seperti ini. Hukum lembek tidak akan pernah merubah negara ini menjadi lebih baik #IndonesiaGelap #DaruratKorupsi https://t.co/9dbzmPEtGs,negatif
1303,Sdh sering baca dan dengar berita deposito hilang dari bank BUMN. Sdh gak aman dan tdk bisa dipercaya lagi deposito di bank BUMN @BNI #IndonesiaGelap #adilijokowimeluas https://t.co/LI4rkW3kA5,negatif
1304,Menyusul pabrik² yg sudah kolaps kali ini tiga pabrik yg akan tutup yakni PT. Sanken Indonesia PT. Tokai Kagu Indonesia dan PT. Yamaha Musical. Penutupan pabrik berdampak PHK kepada ribuan pekerja. #IndonesiaGelap https://t.co/ju8DV605c4,negatif
1305,MAAPPP SEBELUMNYA TP ADA YANG PUNYA THREAD TENTANG PROBLEM2 YANG DI UP DI #IndonesiaGelap nggak yaaaaa?!!!! AKU MAU KASIH KE TEMENKU FAKTA BIAR MATANYA MELEKKK GA MALAH MENGHUJAT GA TERIMA KALAH PEMILU WHAT THE DEUCEEEEEEEE https://t.co/y6VoYMY2O9,netral
1306,Ternak @jokowi TIPU2 #IndonesiaGelap,negatif
1307,@pertamina aduh ketahuan jadi gabisa korupsi lagi deh wkwk #IndonesiaGelap @gibran_tweet,negatif
1308,#IndonesiaGelap #KaburAjaDulu muncul bukan tanpa alasan. Banyak kejahatan yang dilakukan oleh pemerintah pada rakyat.,negatif
1309,@Piyusaja2 @jokowi Kalau bukan #IndonesiaGelap lalu ini apa namanya min @Gerindra . Lapor pak Presiden @prabowo,negatif
1310,Jadi curiga apa kasus pertamina ini dibuka buat ngalihin isu #IndonesiaGelap dan danantara? Indonesia tetap gelap tapi seengganya spotlight ga directly ke Prabowo,negatif
1311,Buka twitter kok isinya korupsi terus semakin yakin kalau #IndonesiaGelap,negatif
1312,@MurtadhaOne1 Berefek pada bank plat merah tentunya dan ini bukti carut marut PSNnya jokowi Indonesia sedang tidak baik baik saja #IndonesiaGelap,negatif
1313,Sahkan uu perampasan aset #IndonesiaGelap,negatif
1314,Solusi buat Indonesia tuh cuma kembali ke setelan pabrik..Reset #IndonesiaGelap,negatif
1315,@Widino Pertamini yang ada di pedesaan hanya boleh jual Pertamax. Orang desa dianggap mudah dibohongin. Bangkai memang #IndonesiaGelap,negatif
1316,@Jateng_Twit Iya nyanyi aja.. apalgi dana Pendidikan kita lagi di efisiensi juga #IndonesiaGelap,negatif
1317,Yang sabar ya dek ya #IndonesiaGelap,?
1318,Kami tidak akan pernah rela negara ini di rusak begitu hebatnya. Akan kami lawan sekuat semampu sebisanya... Tanpa tapi &amp; Tanpa menyerah #IndonesiaGelap,negatif
1319,@KemensetnegRI Koruptor punya rumah mewah ratusan milyar HASIL KORUPSI. koruptor Dipenjara sebentar keluar balik ke rumah mewah itu. Rakyat ga punya rumah maling ayam keluar penjara ga bisa kerja. PRESIDEN @prabowo Ternyata melempem.!! Ga bisa memiskinkan koruptor!!! #IndonesiaGelap,negatif
1320,Niat hati pakai BBM Pertamax non Subsidi eh jebule ditipu ternyata Pertalite. Makin bener #IndonesiaGelap,negatif
1321,Adili @jokowi Turunkan @prabowo @gibran_tweet #IndonesiaGelap,negatif
1322,Gelap Gempita by Sukatani. #IndonesiaGelap Gempita. https://t.co/mGKOY0xm6W,netral
1323,Takut kok sama seni. LEMAAAAH!!! #TikusGaruda #IndonesiaGelap https://t.co/T27it2i2t5,negatif
1324,Yg bener.. #IndonesiaGelap,netral
1325,Kepala Negara juga mengungkapkan bahwa Indonesia jauh lebih unggul dari sejumlah negara dari sisi prediksi ekonomi. Lu presiden apa tarot reader dah? #IndonesiaGelap,negatif
1326,buka akun ini cmn bwat melihat #IndonesiaGelap sama komun fwb yg ribut mulu... lama lama ganti nama jadi komun fans windah beribut,netral
1327,Kadang memang lebih enak dibawah kadang lebih enak diatas. Posisi gantian atas-bawah idaman banyak orang mungkin juga warga dunia secara umum ya. #indonesiaberkhayal #IndonesiaGelap https://t.co/FwGKbwXYcu,netral
1328,Udah gak ketolong ini negara #IndonesiaGelap,negatif
1329,Jadi mau nanya korupsi pertamax 193T itu tanda indonesia terang apa #Indonesiagelap ?,negatif
1330,@PapiUcit Pertalite Dioplos Air Pertamax dioplos Pertalite Turbo Dioplos Pertamax... Kesimpulan yg paling bener adalah #IndonesiaGelap,negatif
1331,Aaaaaaakabar baik ditengah #IndonesiaGelap,netral
1332,@detikcom #IndonesiaGelap woi..dengarin teriakan rakyat diparlemen jalanan...100H acak kadut mikirin 2029 lagi...,negatif
1333,Meni hideung ngabelegbeg kitu ih simulasi #IndonesiaGelap kah. Kesan pertama liat logonya kebayang merk ban dunlop https://t.co/E6BnLJNJGt,negatif
1334,COY YANG MAHASISWA TIATI di tiktok sekarang briefing buzzernya lagi nyerang mahasiswa yng demo #IndonesiaGelap https://t.co/3f9Imy47Ux,negatif
1335,@geloraco Yg terima gratifikasi private jet mah lewat ;( #IndonesiaGelap,negatif
1336,@SiaranBolaLive Tikus isi jabatan garuda tinggal tulangnya #IndonesiaGelap https://t.co/RRpjgfpZyV,negatif
1337,@asumsico Pingin dengar suara Ahok yang mantan Komut Pertamina era yg baru lalu kemarin ini kasus baru ditemukan atau kasus pendaman maklumlah sering terjadi kesengajaan pengalihan issue. #IndonesiaGelap,netral
1338,@__AnakKolong @prabowo @setkabgoid @KemensetnegRI Awal pemantik untuk dimulainya arisan korup #IndonesiaGelap,negatif
1339,@NgkongRoses Negoro kok isine Maling tok #JANCOEK #IndonesiaGelap,negatif
1340,@PresidenKopi Hati2 pengalihan isu.. meredam yg baru launching.. jgn terbius dgn cahaya lilin di tengah kegelapan.. #IndonesiaGelap,negatif
1341,Tenggelamkan #IndonesiaGelap,negatif
1342,@kompascom Pak @prabowo sebagai Presiden RI saat ini buatlah INDONESIA TERANG pada saat ini bukan 25 tahun yang akan datang. Buktikan kpd rakyatmu yg mengatakan #IndonesiaGelap dg tegas kpd Koruptor Cerdaskan anak bangsa dan sejahterakan rakyatmu.,positif
1343,Sok memeras rakyat dapat lawan setanding malah keok #IndonesiaGelap @DivHumas_Polri,negatif
1344,Apa itu retret @kemendagri Memalukan sekali.. #IndonesiaGelap #KabinetKoruptor @KPU_ID @bawaslu_RI #bubarkankpu,negatif
1345,@Opposisi6890 Yang belum coba dilakukan serentak rakyat ini adalah pembangkangan sipil lanjut revolusi. #NegeriParaBedebah #IndonesiaGelap #indonesiabubar2030,negatif
1346,ditahap udah muak sama negara sendiri tiap hari ada aja gebrakannya yg bikin geleng geleng #IndonesiaGelap,negatif
1347,Kok #IndonesiaGelap ? Yang bilang gelap siapa? Yang bilang mahasiswa se-Indonesia dan Koalisi Masyarakat Sipil pak Presiden @prabowo Serta kata mereka yang menangis karena di PHK. Kata mereka yang sulit dapet kerja sehingga harus meninggalkan keluarga dan negaranya. Kata https://t.co/LaZ5NsgLI0,negatif
1348,@tempodotco Faham kan makanya ada aksi #IndonesiaGelap,netral
1349,giliran Danantara diopolos ndut @prabowo #IndonesiaGelap,negatif
1350,pantes aja negara ini gak maju selalu ada aja masalah sudah rusak semuanya dzolim nya udah multidimensi mengakar dmn #inDONEsiaGelap,negatif
1351,Belajar ngedit dengan foto epik yang saya temukan di x beberapa waktu lalu. #IndonesiaGelap https://t.co/OQfQKUNkIC,netral
1352,Menunggu orang2 ini bernyanyi lantang ke mana saja aliran duit trilyunan itu... . #IndonesiaGelap #AdiliJokowi https://t.co/Mk8bHbphnc,negatif
1353,https://t.co/p9gMDrIwEm Ketar ketir kalian pemerintah #IndonesiaGelap,negatif
1354,@Wisang_Geni2005 @ronaldy596 @erickthohir @KemenBUMN @PSSI @jokowi @DPR_RI @prabowo Tp mereka masih di pake sama @prabowo malah salah satunya di sembah2‍️ #IndonesiaGelap,negatif
1355,@whtwlv kudune cen crah mung sengaja digawe plesetan dadi cerah kanggo nanggepi rombongan 'kae' sing pingin nandingi tagar #IndonesiaGelap nganggo tagar #IndonesiaCerah kuwi wkwk..,netral
1356,@Mdy_Asmara1701 Kemarin muncul tagar #IndonesiaGelap setelah danantara jadi #IndonesiaGelapGulita,negatif
1357,@dkskhbpcy @WinnerRTJ @selliyamanto Apalagi yg pas di TV one wow buzzer semua loh ka ampe segitunya ampe bawa2 9 naga ceunah hhmm... Kata AD lo jual gue beli lo buka kartu soal bikin video gue buka soal salah satu 9 naga nelpon AD katanya makin kemana2 tapi aku curiga ini pnglihan issue #IndonesiaGelap,negatif
1358,@radixhidayat kalo #IndonesiaGelap,netral
1359,@choaciao woii nggak ada itu 58% itu angka baterai kembung tiputipu #IndonesiaGelap #revolusihargamati,negatif
1360,Negeri Para Bajingan #IndonesiaGelap https://t.co/7OcWknVuDx,negatif
1361,Login. Dlu ini pernah viral pada masanya dan pada saat itu tidak digubris sama sekali... Malah dahulu di maki-maki dikatakan bohonglah test nya salah lah dsb.. Alhasil hari ini apa? Kasus Pertamax Oplosan muncul.. aowkwowkwok #IndonesiaGelap,negatif
1362,Hidup di negara hanya untuk mengumpat kont..... #IndonesiaGelap #IndonesiaGelapGulita,negatif
1363,Perlu ini #IndonesiaGelap #indonesiamasters2025,netral
1364,#IndonesiaGelap Rakyat bangkit melawan!,negatif
1365,#IndonesiaGelap #DarkIndonesia #AdiliJokowi Gimana nggak gelap.....lha wong....,negatif
1366,1 hari 1 berita buruk #IndonesiaGelap #indonesiabubar2030 Bismillah #KaburAjaDulu,negatif
1367,. BIAR YANG BELUM TAHU JADI TAHU YANG SUDAH TAHU JADI TAMBAH TAHU. Betapa Bengisnya Rezim Jokowi kala itu. Namun selalu dibungkus dengan Pencitraan melalui BerFoto sama Rakyat Bagi Bingkisan Biar gak Kelihatan Busuknya. #IndonesiaGelap #AdiliJokowi . https://t.co/0KT8eJGyww,negatif
1368,@PKSejahtera Sepakat kan kalau #IndonesiaGelap min? Ayo dong jangan cuma rame di medsos..,negatif
1369,BAKAL saling-serang dg saling-buka keburukan masing-masing kalangan atas itu... (hukum) alam bergerak membuka mana kebusukan dan mana kebenaran... rakyat yg di luar permainan tsb adalah energi yg bergerak bersama alam... semoga itu jadi jalan keluar dari #IndonesiaGelap,negatif
1370,@BocorAlusPol Keknya riil. Kalau gak riil gak bakal lah 02 bisa menang modal joget2 doang. Sad truth. #IndonesiaGelap #StopBeliPertamax,negatif
1371,Ternyata orang bakal marah kalo udah berdampak langsung ke mereka. Contohnya korupsi Pertamina Patra Niaga yang sebelumnya ga pernah ikut bersuara tentang #indonesiagelap hari ini pada memaki korupsi ini semua. Benar harus kesenggol dulu baru mau bersuara,negatif
1372,Pantesan setiap beli bensin boros &amp; cepet habis ternyata karena kelakuan manusia-manusia zalim ini. #IndonesiaGelap https://t.co/ojXb6C1J8F,negatif
1373,Setelah melihat banyaknya kezaliman di Zaman Bahliliyah Pemerintah mencoba berjudi triliunan lewat Danantara MBG dipaksakan ada korupsi ratusan triliun dibiarkan saja pembohongan masif dari RON BBM dan sederet #IndonesiaGelap lainnya apakah BDS ini sudah seharusnya dirilis?,negatif
1374,Soal oplosan pertamax pertamina jadi ingat oplosan Ratna Sarumpaet melibatkan tim prabowo ? @Dennysiregar7 @detikcom #kebohonganRatna Rais @e100ss #IndonesiaGelap,negatif
1375,#IndonesiaGelap habis itu hujan Indonesia terang lagi!,netral
1376,@Tan_Mar3M @tedy_bambang @Official_Ansor pasti tau keberadaan @YaqutCQoumas yaa @Ansor_Satu #KaburAjaDulu #IndonesiaGelap https://t.co/9m5HxxYUvL,netral
1377,@dsuperboy Betul.... Semenjak mulyono rakyat selalu di bikin repot dgn tingkah polahnya ganti rejim di kira bakal ada perubahan malah tambah #IndonesiaGelap,negatif
1378,Tadi makan siang pembicaraan orang2 banyak yg ngamuk soalnya portfolio saham mereka merah semua skrg Gws deh ini asli beneran #IndonesiaGelap,negatif
1379,Aksi massa #IndonesiaGelap yang terjadi dalam beberapa di hari di banyak tempat jadi tambahan amunisi dan semangat bagi gerakan perlawanan pada ketidakadilan. Kebijakan pemerintah yang tak berpihak pada kesejahteraan rakyat semakin banyak demokrasi dan Negara hukum https://t.co/o4IDkoIU5F,negatif
1380,Semua akibat profesor yg asal ngitung akhirnya buat semua pihak dirugaikan #IndonesiaGelap #kaburajadulu #kejagungri #timah #271t #makhakamahagung https://t.co/LN39OeX7GO,negatif
1381,Kerusakan lingkungan dan korupsi itu dua hal yg berbeda jgn disamakan #IndonesiaGelap #kaburajadulu #kejagungri #timah #271t #makhakamahagung https://t.co/zRM07vLvyv,negatif
1382,@MasBRO_back Lagu Kebangsaan demonstran #IndonesiaGelap,netral
1383,Mencerminkan #IndonesiaGelap,?
1384,Kita Buat Protes Yang Satu Napas Terpleset ‍ . . Kok Bisa Terpleset nya ke Raja Jawa Kebetulan atau memang Presiden nya MULYONO ‼️ #IndonesiaGelap Versi Aslinya https://t.co/vc2Ys3jV8h https://t.co/gLqIBaAOKy,negatif
1385,Mari kita terus pantau #IndonesiaGelap #IndonesiaGelapGulita #AwasiMBG,negatif
1386,Semakin ga beres #IndonesiaGelap #IndonesiaGelapGulita,negatif
1387,@Piyusaja2 B A N G S A A T !!! B A J I N G A N !!! @Pertamina Ganti Rugi ke Gw 4thn full gw pke Pertamax gak taunya Barang Busuk Oplosan &amp; gak pas 1Liter pula yg dijual BANGKEE.. #IndonesiaGelap Delete LBP Dah tua gak tau diri pula,negatif
1388,@papa_loren @SangLangit01 bajingan sinting #IndonesiaGelap ndasmu https://t.co/qlz4c7Rc0i,negatif
1389,Semakin ga beres #IndonesiaGelap #IndonesiaGelapGulita Mana yg katanya ga gelap?,negatif
1390,#IndonesiaGelap JK ada teroris berbulu modern,negatif
1391,Ini sih sadis... #IndonesiaGelap,negatif
1392,@Dandhy_Laksono Begini kok katanya ada yg gak terima kalau #IndonesiaGelap,negatif
1393,Bangsat emang @pertamina @MyPertaminaID BUMN terbesar yg masuk Fortune Global 500 aja malah nipu rakyat yg berniat baik beli BBM non-subsidi. Terus @prabowo @pco_ri berharap rakyat percaya dgn Danantara??? Bullshit lah!!! #IndonesiaGelap #IndonesiaBubar2030,negatif
1394,Kami Rakyat melihat #IndonesiaGelap Karena Banyak nya Mafia di berbagai Sektor dan Bidang... Coba Tegaslah pada instansi dan institusi sendiri atau Kesatuan.,negatif
1395,@ernestprakasa #IndonesiaGelap gimana kalau mereka dibakar biar jadi #IndonesiaTerang?,negatif
1396,@Gank_Of_Petojo Ini biang keroknya.... #IndonesiaGelap #IndonesiaGelap https://t.co/9rBemhHEaI,negatif
1397,Kapan study banding kesini? Spy tidak terjadi #IndonesiaGelap #IndonesiaGelap https://t.co/4FWj3zILrE,negatif
1398,@batagorkaldu kalau penyair introvert ini dah reaktif berarti #indonesiagelap beneran bro @ongku___ @Lenyapbentar,negatif
1399,parah njir di jajah negara sendiri #IndonesiaGelap,negatif
1400,@yanzero_ Yang nanggung rakyat.. Yang menikmati penguasa... #Indonesiagelap..dah malam soalnya.,negatif
1401,@firmannurzaman #IndonesiaGelap gulita,netral
1402,Bangsaaaaaat... jadi kesal gw buka aplikasi ini di HP #IndonesiaGelap https://t.co/l8jEuoj0RS,negatif
1403,@kompascom se ekor @prabowo selain GOBLOK juga disorder mental alias doyan halu #IndonesiaGelap,negatif
1404,@JhonSitorus_18 Menteri tukang Bacot || NGIBUL . Presiden nya || OMON OMON . #IndonesiaGelap #FufuFafaAibNasional,negatif
1405,Sandal wedges modern realpict Premium anggun cantik mempesona https://t.co/Oyqvanmr5E #IndonesiaGelap #GranHermano #GrandeFratello https://t.co/EsPyYEeEAq,netral
1406,Maling maling kecil dihakimi Maling maling besar dilindungi Hukum Rimba ~ Marjinal #IndonesiaGelap https://t.co/c8W9p5Hahg,negatif
1407,Saat ini Sang Garuda lagi dirongrong Tikus a.k.a para Badjingan/Maling duit rakyat!! #IndonesiaGelap #IndonesiaGelap2025 https://t.co/bL0QNzszMp,negatif
1408,#IndonesiaGelap #muak Survei 80% puas kemarin dari negara mana surveinya.. Kok segitu banyak orang tidak ada yang tersinggung iya..??,negatif
1409,Selamat Malam #IndonesiaGelap Ttd MalingBensin #NdasMu #KaburAjaDulu https://t.co/w3gfAp2nn7,negatif
1410,#IndonesiaGelap ini bukan cuma omon omon kemarin mahasiswa digebuk ladusing sekarang ladusing digebuk rambo...miris https://t.co/HkkVs3cH4o,negatif
1411,@asumsico #Indonesiagelap Koruotor dimana2. Orang rakus bisa siapa saja.,negatif
1412,Masihkah yakin dgn generasi Indonesia emas setelah liat video ini? yg ada #IndonesiaGelap https://t.co/aC7zzo7BGo,negatif
1413,Maha benar Allah Azza wa Jalla dgn segala firmanNya Benar pula nabi Muhammad SAW dgn setiap sabdanya. Gunakan aturan Allah Azza wajalla Atau tetap gunakan aturan Dajjal #IndonesiaGelap https://t.co/YDQLjeBzIn,?
1414,25 tahun akan datang ya? Insya Allah saya umurnya 98. (Kita) di atas Jepang di atas Inggris di atas Prancis kok Indonesia gelap? tanya Prabowo. | #IndonesiaGelap #Prabowo https://t.co/JNF36xL4ZA,negatif
1415,Bener bener rezim @jokowi bajingan diancuuuk.... Tangkap gantung @jokowi wasuuuuu @pertamina @prabowo Pertamax ndasmuuu #IndonesiaGelap,negatif
1416,#IndonesiaGelap segelapgelapnya. https://t.co/UQxbRysBOl,negatif
1417,@kompascom Selalu rakyat yang jadi korbannya.. Tapi rakyat juga yang dituduh menyalagunakan subsidi.. Pakai bikin wacana 2027 hapus Subsidi BBM.. @KemenkeuRI @pertamina @MyPertaminaID @KemenBUMN #IndonesiaGelap #muak Gantung @luhut_binsar @erickthohir,negatif
1418,@KPK_RI Itu sodaranya Luhut kumis tua penyok jadi masuk di jajaran Danantara itu apa woi?! Selidiki tanpa pilih pilih! Atau mesti ada besaran nominal dulu atau tidak boleh melawan kaki yang memijak kepala kalian? #IndonesiaGelap #AdiliJokowi,negatif
1419,Tersangka korupsi itu sudah barang jadi #JanganBanggaDulu kalau pencegahan saja kita belum bisa #korupsipertamina #IndonesiaGelap #kpk https://t.co/kGBrKYQJ2Q,negatif
1420,Saudara-saudara yang muda-muda yang melihat Indonesia gelap itu siapa? 25 tahun akan datang ya? Insya Allah saya umurnya 98. (Kita) di atas Jepang di atas Inggris di atas Prancis kok Indonesia gelap? tanya Prabowo. | #IndonesiaGelap #Prabowo https://t.co/JNF36xL4ZA,negatif
1421,Negara paling bebas dan serba bisa ya Indonesia Bebas Korupsi Bebas Rampas Tanah Bebas Pagar Laut Bebas Tambang Bebas Sedot Pasir Laut Bebas Pungli dan Serba bisa... Bisa Bayar Pejabat Bisa Bayar Aparat #IndonesiaGelap #IndonesiaGelapGulita https://t.co/b3nZtlqBxh,negatif
1422,Epic Sekali #IndonesiaGelap,negatif
1423,@KompasTV Saran sayang pada minum Antimo biar enggak muntah para kepala daerah.. @kemendagri #IndonesiaGelap #KabinetKoruptor #anakharamkontitusi,negatif
1424,@enoliska_ Saatnya mengorganisir golput mogok milih kalau pilihannya itu2 saja dan gak ada yang bisa dipercaya. #IndonesiaGelap #IndonesiaSuram,negatif
1425,Hai gaes. Aku udah sampe Mars. Itu motornya mau pake Pertamax atau Pertalite tetap aja enak pake Premium .. #IndonesiaGelap #DuniaMauKiamat https://t.co/Or9LE6p2Zz,negatif
1426,@Naz_lira JOKOWI PANTAS DISENUT SEBAGAI PENGHIANAT RAKYAT &amp; NEGARA #AdiliJokowi #IndonesiaGelap #ParaPencuriUangRakyatJadiPejabat https://t.co/8EosMQ48pZ,negatif
1427,@regar_op0sisi BEGARA PARA BANJINGAN ‼️ #IndonesiaGelap #AdiliJokowi #NegaraKalahLawanOligarki #LawanMaviaKelasNegara https://t.co/VuCRkuIqIs https://t.co/06flULNekR,negatif
1428,@kompascom Sehebat apa Mentri ini..?? @erickthohir .. Banyak BUMN bangkrut Yang sehat merugikan masyarakat.. #IndonesiaGelap #KabinetKoruptor Tapi masih Percaya diri melanjutkan.. Orang bijak pasti tidak mau dikorbankan.. Orang bodoh @prabowo dengan bangga di kambing hitamkan.. https://t.co/f0w3ealaKr,negatif
1429,@bluetuwlips Makasih rafflenya non oomf! #IndonesiaGelap,netral
1430,@msaid_didu JOKOWI TIDAK PUNYA HATI YG PANTAS ADALAH JOKOWI PEMGHIANAT RAKYAT &amp; NEGARA #AdiliJokowi #IndonesiaGelap #ParaPencuriUangRakyatJadiPejabat https://t.co/lTzysn2w9I,negatif
1431,@WidyoLita tdk lama lg etos kerja ASN jg akan turun drastis plus kreatifitas dlm rangka cari 'uang lebih' meningkat #IndonesiaGelap,negatif
1432,Kelola yang keliatan barangnya aja rakyat bisa ketipu tahunan... Apalagi kelola duit 14 ribu triliun yang rakyat ngeliat aja belum... Bisa ketipu 7 turunan... Apes jadi rakyat #IndonesiaGelap https://t.co/5MN11vT3mq,negatif
1433,Pas lagi dimasak Gas abis udah antri lama pas giliranya KTP ketinggalan jadi mon maap yak #IndonesiaGelap2025 #IndonesiaGelap #AdiliJokowi,negatif
1434,Terungkapnya mega korupsi di Pertamina juga rentetan kasus BUMN lainnya asumsiku periode ke-2 Jokowi jadi puncak penjarahan uang negara krn setelah ganti presiden mereka panik gk bakal dpt jabatan lagi makannya trendnya komplotan terstuktur &amp; masif #IndonesiaGelap,negatif
1435,@TOM5helby Ini mah bkn bersih2 hanya akan ganti pemain doang. Really #IndonesiaGelap https://t.co/YCRPxlR5qo,negatif
1436,Tutup Permanen #IndonesiaGelap #IndonesiaGelap2025 https://t.co/qY5xOa1FsK,netral
1437,HABIS DANANTARA TERBITLAH PERTAMAX :) EGE EGE PEGEL EGEEE PEGELLL KASIH NAPAS DONG EGEEE #IndonesiaGelap #DarkIndonesia,negatif
1438,Apa sih yang bikin orang tuh gampang banget korupsi di negara ini? #IndonesiaGelap #IndonesiaGelap2025,negatif
1439,Turunkan harga pertamax!! #KamiResah #IndonesiaGelap,negatif
1440,Hola Mr. President @prabowo . . SENYAP || Lantang Bersuara . @KPK_RI . Ada Apa GERANGAN || Indonesia Gelap #IndonesiaGelap #FufuFafaAibNasional . https://t.co/qF1qoFOhLT https://t.co/t5u6f78SmW,netral
1441,Apa hanya krn mau ganti pemain sjkah? #IndonesiaGelap https://t.co/hFKPCSEZdg,negatif
1442,@ommi_siregar Negara kaya yg inginkan efisiensi namun mengorbankan Rakyatnya Sehat selalu Pak @prabowo #IndonesiaGelap https://t.co/8RqiSJKWcB,negatif
1443,sementara rakyat menuntut #AdiliJokowi eh bowo malah teriak hidup @jokowi ndasmu!!! Woiii rakyat sudah melaporkan bertumpuk tumpuk di @KPK_RI agar jokowi dan anteknya diseret ke pengadilan atas kejahatan KKNnya faktanya cuman omon omon ndasmu!!! #IndonesiaGelap @prabowo,negatif
1444,masa elite senegara gak ada yg tau ada proses oplosan pertamax.......... #indonesiaginiamat #IndonesiaGelap #indonesiamakingelap,negatif
1445,Belom kelar #IndonesiaGelap trus Danantara dan ini malah Bengsin OPLOSAN! Heran ini negara apa cerita Film drama dah kok banyak bener masalahnya.,negatif
1446,Kemarahan RAKYAT bisa saja tidak akan bisa tertahankan lagi Bajingan kalian semua #IndonesiaGelap https://t.co/VOutXefjDZ,negatif
1447,@msaid_didu PENGHIANAT BANHSA &amp; RAKYAT. MRKPANTAS MEMDAPATKAN PELIRU UNTUK PENGHIANAT #ParaPencuriUangRakyatJadiPejabat #Ndasmu #IndonesiaGelap https://t.co/UjQ4ZUybXE,negatif
1448,Apakah para begundal masih bilang aman dan baik2 saja ? Saatnya rakyat bersatu #AdiliJokowi #IndonesiaGelap,negatif
1449,@JhonSitorus_18 Hari ini selasa ( 25/02/2024 ) Masyarakat Adat desa tempayung Kab. kotawaringin barat kalimantan tengah kompak menyanyikan lagu #Sukatani #IndonesiaGelap didepan PN Pangkalanbun. Mereka kecewa #BisnisKriminalisasi oleh Aparat penegak hukum #IndonesiaGelap https://t.co/30Jyv79Zvn,negatif
1450,Selamat Menikmati #IndonesiaGelap #IndonesiaNdasmu,?
1451,@tempodotco Hari ini selasa ( 25/02/2024 ) Masyarakat Adat desa tempayung Kab. kotawaringin barat kalimantan tengah kompak menyanyikan lagu #Sukatani #IndonesiaGelap didepan PN Pangkalanbun. Mereka kecewa #BisnisKriminalisasi oleh Aparat penegak hukum #IndonesiaGelap https://t.co/gc9ukAVNBG,negatif
1452,Di negeri ini ada aja gebrakannya udah #IndonesiaGelap lanjut #KaburAjaDulu lah sekarang malah #pertamax #pertaminapatraniaga alias sebenernya pertalite oplosan bener2 Negeri Para Bedebah,negatif
1453,Kita harus mewaspadai kepentingan asing jangan sampai terprovokasi pihak yang menginginkan kehancuran Indonesia! #IndonesiaGelap​ #KonspirasiGlobal​ #Geopolitik​ #PerangHibrida​ #AnalisisStrategis​ #MediaManipulasi​ #IndonesiaBangkit​ #doktertifa​ #JagaKedaulatanIndonesia https://t.co/Zis2Thz6zk,positif
1454,Kita harus mewaspadai kepentingan asing jangan sampai terprovokasi pihak yang menginginkan kehancuran Indonesia! #IndonesiaGelap​ #KonspirasiGlobal​ #Geopolitik​ #PerangHibrida​ #AnalisisStrategis​ #MediaManipulasi​ #IndonesiaBangkit​ #doktertifa​ #JagaKedaulatanIndonesia https://t.co/ewfnAXKfU0,positif
1455,AKSI UNJUK RASA #INDONESIAGELAP TERUS DI CIREBON/ RATUSAN ALIANSI MAHASISWA BERSAMA/ MENOLAK KEBIJAKAN EFISIENSI ANGGARAN &amp; MEMBATALKAN PENGESAHAN DANANTARA YG MEMBUAT BURUK SISTEM PENDIDIKAN &amp; DISAHKANNYA DANANTARA BERPOTENSI MENJADI MEGA KORUPSI KARENA MINIMNYA PENGAWASAN// https://t.co/kMsot5S62I,negatif
1456,Nah itu dia .... BUMN aja jd tukang oplos @KPK_RI @KejaksaanRI #IndonesiaGelap #AdiliJokowi,negatif
1457,SONTOLOYO #IndonesiaGelap #IndonesiaNdasmu,negatif
1458,@brillantse #IndonesiaGelap beneran inimah,negatif
1459,@PresidenKopi SELAMAT DATANG DI NEGERI PARA PEJABAT ASU #asutenan #anjingnyaoligarki #AdiliJokowi #IndonesiaGelap,negatif
1460,@heypspsps WKWKWKW I LOVE UR ENERGY KAWAL TERUS #IndonesiaGelap,negatif
1461,Knpa bisa gitu ya? #IndonesiaGelap,netral
1462,Hidup @jokowi ndasmu!!! itu pidato berapi api bowok... #IndonesiaGelap @prabowo @Gerindra @SBYudhoyono @PDemokrat,negatif
1463,Hebatnya orang Indonesia @KPK_RI @KejaksaanRI #IndonesiaGelap #AdiliJokowi,positif
1464,@deddysitorus #IndonesiaGelap gulita Om,negatif
1465,@Tan_Mar3M Next.... SABAR Semoga @OCCRP Ikut Memantau Lagi #IndonesiaGelap #IndonesiaNdasmu,negatif
1466,Waduh apa maksudnya kita semua DIAKALIN nih Benar-benar #IndonesiaGelap,negatif
1467,Singkat saja kapan demo lagi? #IndonesiaGelap,negatif
1468,Menteri Arogan satu ini product dari Pemer8ntahan abal abal.... Semoga segera berakhir kacung² oligarki dwngan kiprah konyol nya #IndonesiaGelap,negatif
1469,MISI Sudah Tercapai TUGAS Sudah Terlaksana PROGRAM AKAL2AN Sudah Dijalankan CUCIAN Sudah KERING Tinggal ... #IndonesiaGelap #IndonesiaNdasmu https://t.co/Yp32Ij5My6,negatif
1470,GELAP GULITA INDONESIA... #IndonesiaGelap https://t.co/dBWQfpsrAf,negatif
1471,INTEGRITAS KABINET INDONESIA MAJU HANYA OMON OMON?? @prabowo @PrasetyoHadi28 @Gerindra #IndonesiaGelap #CopotYandri https://t.co/xaPRKx7oUy,negatif
1472,Merinding banget dengerin ini.. #ACAB #1312 #IndonesiaGelap #SampaiMenang https://t.co/JInAu2QZuv,negatif
1473,Knp Tom Lembong yg ditangkap? @KPK_RI @KejaksaanRI #IndonesiaGelap #AdiliJokowi,negatif
1474,MENGHILANGNYA WIJI THUKUL‼️KENAPA SAMPAI SEKARANG BELUM TERUNGKAPCerita... https://t.co/MbpbEtBs9S via @YouTube #IndonesiaGelap #IndonesiaGelap2025 #KaburAjaDulu #KaburSajaDulu #kaburduluaja #KaburAjaLagi #Soeharto #ordebaru #kamisan #Democracy #BayarBayarBayar #BayarPolisi,negatif
1475,Sandwich sandwich apa yang seram yap betul sandwich generation apalagi sekarang. #IndonesiaGelap https://t.co/uBE5TvTtik,negatif
1476,Gila ya Pertamina membantah tp skrg terbukti @pertamina @PatraNiagaRJBT #IndonesiaGelap #AdiliJokowi,negatif
1477,@TheEagle_BEN Bauk2Nya Wat IKN MODUS MULYONO #IndonesiaGelap #IndonesiaNdasmu,negatif
1478,@bread_selling Anyink kabehan perampok berdasi eta #IndonesiaDaruratKorupsi Mabok pager laut #IndonesiaGelap,negatif
1479,@deddysitorus Baru ngerti !!!! Apa yg di maksud hilirisasi dari Abang ipar ke kakak baru ke adek!!!!!!! #IndonesiaGelap #IndonesiaGelap2025,negatif
1480,@Matahari_1912 Komen Tagar Aja #IndonesiaGelap #IndonesiaNdasmu,negatif
1481,Berhenti berharap pada negara bukanlah tindakan putus asa tapi realistis. #IndonesiaGelap,negatif
1482,#IndonesiaDaruratKorupsi dan sudah saatnya hukum mati diberlakukan Biar gak menuju #IndonesiaGelap Mabok pertamak dioplos pertalite https://t.co/xFrLPPxPdt,negatif
1483,@MasBRO_back Lengkap sudah #IndonesiaGelap,?
1484,@LambeResing Apa ini pengalihan isu dari #IndonesiaGelap?,negatif
1485,@PresidenKopi Hampir semua sektor di repvblik ini gak bisa dipercaya lagi. #IndonesiaGelap,negatif
1486,@SiaranBolaLive Masih banyak lagi tapi lah lah (?) :)) #AdiliJokowi #DanantaraKonspirasiJahat #BubarkanDanantara #DaruratKorupsi #IndonesiaGelap #PeringatanDarurat https://t.co/2OxAe5IYpO,negatif
1487,Mako Polres Tarakan Diserbu 6 Polisi Terluka Pelaku Diduga Oknum Prajurit TNI https://t.co/voNaoK7yBm #kompolmas #BreakingNews #polisi #IndonesiaGelap,negatif
1488,@didilionrich Jangan terlalu berharap dg Negara ini 5 Tahun Kedepan... #IndonesiaGelap @aniesbaswedan @anwaribrahim @RTErdogan @KremlinRussia_E @VOANews https://t.co/MMZSHETUrZ,negatif
1489,@andihiyat Rakyat kena gas melon susah dan Pertamax oplosan yang pejabat full senyum tetep #IndonesiaGelap ini pengalihan isu,negatif
1490,Sudah waktunya koruptor di serahkan kepada rakyat #IndonesiaGelap #IndonesiaKorupKronis,negatif
1491,Air minum rapat mahal program kentot lo ga bener KONTOLLLLL LO SEMUANYA DAN FUCK U UNTUK 02VOTERS #IndonesiaGelap2025 #IndonesiaGelap,negatif
1492,Barusan si wowo ini bilang katanya ekonomi Indonesia di 2050 bakal nomer 4 di dunia trus ngomong kok kalian bilang Indonesia gelap? sambil gestur nyenyenye geleng2 kepala. Bangsat njir brutal bgt si gendut di Kongres Demokrat #IndonesiaGelap #IndonesiaGelap2025 https://t.co/aQGptMsvEn,negatif
1493,Bangs*t Jadi selama ini gw beli pertamax itu ternyata pertalite dong #KorupsiPertamina #IndonesiaGelap https://t.co/N60QpdS6s5,negatif
1494,Ramadhan tahun ini doa yg melangit bakal ngeri yah... #IndonesiaGelap,?
1495,Indonesia Bubar 2030. Menuju Indonesia cemas! #IndonesiaGelap #AdiliJokowi,negatif
1496,Benar ku mencintaimu tapi tak begini... Kau khianati hati ini kau curangi aku... #IndonesiaGelap,negatif
1497,amit2 dah gw sama ni negara #IndonesiaGelap,negatif
1498,Ah capek #IndonesiaGelap,negatif
1499,Jangan berhenti di mereka. Ingat kolektif kolegial itu terkait jaringan kejahatan mafia yg melibatkan kekuasaan. Gak mungkin mereka seberani itu tanpa back up dari kekuasaan... #IndonesiaGelap #AdiliJokowi,negatif
1500,Jadi selama ini gw beli pertamax itu ternyata pertalite dong #KorupsiPertamina #IndonesiaGelap https://t.co/ReS0b5QUFF,negatif
1501,Yang tidak punya beking saja yg tidak selamat saat bergairah agar tampak terlihat serius memberantas korupsi dan tampak terlihat kalau retorika optimisme Ndasmu itu ada nyata menjawab tagar #IndonesiaGelap Sementara di dua ketiakmu bersembunyi para penjarah jahiliyah https://t.co/r6kqAHZGcu,negatif
1502,Iya betul. Indonesia makin gelap. #IndonesiaGelap #AdiliJokowi,negatif
1503,Membumi dan membersamai #IndonesiaGelap,netral
1504,Halo Damkar #IndonesiaGelap https://t.co/xryaTSWbhM,negatif
1505,#IndonesiaGelap itu bukan krna @prabowo . Tapi jelas karna @jokowi bertahun2 kita dibohongi oleh angka2 ekonomi yg bagus pdhl penurunan daya beli masyarakat pengangguran itu NYATA adanya. @prabowo sedang memulihkan kondisi tsb dgn cara yg terbilang ekstrim .,negatif
1506,@Yayoyakali @perupadata Demo kalian itu gak sekuat itu isue yg diangkat jg lemah &amp; berubah2 #indonesiagelap jg banyak digerakkan Adian Napitipulu yg mana hal itu karna HASTO Ditangkap KPK. (NB: BEM-SI didikan Adian) Bagi aktivis yg diera SBY tiap hari demo Cuma tertawa geli lihat demo kalian,negatif
1507,Indonesia makin gelap #IndonesiaGelap #AdiliJokowi,negatif
1508,Udah Penipu Maling juga. #IndonesiaGelap https://t.co/tENRGt96gN,negatif
1509,@kemgelapan bikin proyek jalan yg rusakin sawah dan lahan tani buat bikin jalan terus ga lama kemudian ngebikin proyek pembukaan buat perbaikan pangan negara terus ga lama buat lagi proyek perbaikan lingkungan jgn lupa setiap proyek jgn lupa tilep2 dikit #IndonesiaGelap,negatif
1510,Dampak burunya #IndonesiaGelap https://t.co/p1Nf4mWAmu,negatif
1511,Makan gratis enak sekali Bersama teman di sekolah tadi Pajak naik tak bisa dihindari Beban hidup semakin terasa di sini. #IndonesiaGelap #KaburAjaDulu,negatif
1512,@Asura0599 Menurut saya sih lebih sulit dan lebih pedih di jajah oleh bangsa sendiri saat ini Indonesia tercinta sedang mengalami penjajahan bahkan lebih sulit oleh bangsa sendiri. #IndonesiaGelap,negatif
1513,@zarryhendrik Tetap hati2 ya. Sepertinya ini juga pengalihan isu untuk kasus yang lebih besar. Tetap monitor dan konsisten dengan #IndonesiaGelap dimana issue Pertamax adalah salah satu penyebabnya Termsuk ketika kawan puitis kita ini tiba2 berisik mengenai Pertamax ️,negatif
1514,Loh itu maksudnya #IndonesiaGelap,netral
1515,@Mdy_Asmara1701 Jangan Sampai... #IndonesiaGelap #IndonesiaNdasmu,netral
1516,#KaburAjaDulu ke planet mars Sambil melihat kekacauan di muka bumi yg mulai menuju #IndonesiaGelap https://t.co/reVYJlxIuA,negatif
1517,Tuh ga ada MBG demi efisiensi anggaran. #IndonesiaGelap,negatif
1518,Garuda Pancasila yang dahulu sakti sekarang sudah sekar4t karena digerogoti oleh tikus2 berdasi #IndonesiaGelap,negatif
1519,kita suarakan #IndonesiaGelap lalu terbitah #IndonesiaKelam miris nya di negri ini makanya #KaburAjaDulu lebih baik https://t.co/OWYPw012tF,negatif
1520,Korban Pertamax . Bangsat Lo @pertamina Bajingan! #IndonesiaGelap #IndonesiaGelap2025 https://t.co/sFjhs2gXWu,negatif
1521,Inilah #IndonesiaGelap #IndonesiaGelap,netral
1522,Makin gelap aja #IndonesiaGelap,negatif
1523,Gelap tak berujung... #IndonesiaGelap,negatif
1524,Bukan titipan... #IndonesiaGelap,netral
1525,KALAU NEGARA TAK BERNYALI AYO REVOLUSI !! GANTUNG JOKOWI !!! #DanantaraKonspirasiJahat #IndonesiaGelap #AdiliJokowi #batalkanPSNPIK2,negatif
1526,@MariaAlkaff_ @myusufzidan9 baru minggu lalu kita suarakan #IndonesiaGelap tiba tiba kasus korupsi pertamina mencuat dan Danantara juga mencuat jadinya #IndonesiaKelam lagi bun yang kita suarakan,negatif
1527,@WagimanDeep212_ Mampusss Terus kemarin ada yang berlagak mau hapus BBM Subsidi.....katrok...belum puas nipunya . #IndonesiaGelap https://t.co/8uBbP1wFAi,negatif
1528,@Widino abis gerakan #IndonesiaGelap nanti muncul bang #IndonesiaKelam,negatif
1529,Inalillahi ada Bajingan Maling alias Merampok Pertamina dengan mengoplos Pertamax Biadab sekali !!! Hukum Pancung sekalian ! Tahun2 beli Pertamax ternyata Palsu goblok ! #IndonesiaGelap https://t.co/3VfnRxelmk,negatif
1530,Njiiirrrr. Elite politik ribut mulu. Yang mikirin negara siapa nih? Fufufafa? #IndonesiaGelap,negatif
1531,#IndonesiaGelap bukan sekadar tagar belaka. Bukan kami yang gelap tapi pemerintah yang kompak tumpahkan nodanya kepada negeri ini beserta rakyatnya.,negatif
1532,Kayaknya ni pemerintah gak bikin keributan bakal ketangkap keknya Sudah waktunya tetep #IndonesiaGelap,negatif
1533,Ada aja gebrakan para pejabat. Pejabat Pertamina oplos malsuin Pertamax kan asuu tenan gk mikir konsumen Pertamax kek mana pantas kemaren sempat heboh turun mesin karena Pertamax #IndonesiaGelap,negatif
1534,@Yayoyakali @perupadata Kritis darimana c ?? Yg ada u terlihat gak bisa bernalar dg baik gak bisa bedakan mana perkara A mana Perkara B. Kalian pikir Demo #IndonesiaGelap sebesar &amp; sehebat itu sampai harus dialihkan dg penangkapan MAFIA MINYAK &amp; genk yg selama 15 tahun gak tersentuh ??,negatif
1535,@PresidenKopi 10 tahun Rezim jokowi koruptor merajalela subur makmur #hidupjokowi #IndonesiaGelap,negatif
1536,@slvrgueen tunggu #indonesiagelap part 2,negatif
1537,Hari-hari ada saja gong dari pemerintah. #IndonesiaGelap,negatif
1538,theyre literally burning money rn.. buat makanan ngga niat. buang-buang bahan baku. enak ngga bikin muntah iya. uang triliunan cuma berujung jadi food waste dan penghinaan (naik pitam bayangin ponakan² gue dikasih makan ginian) #IndonesiaGelap https://t.co/k3aZCbU55z,negatif
1539,@ardisatriawan Indonesia makin gelap para pejabatnya silau dengan fasilitas negara jadi gak merasa gelap #IndonesiaGelap #KaburAjaDulu #MBG,negatif
1540,Dari awal bisa pake motor w gak pernah ngisi pertalite kecuali emg pertamax-nya gaada ANJING TERNYATA DIKIBULIN DOANG. NEGARA RONGSOOOKKK!!!!!!! #IndonesiaGelap,negatif
1541,@geloraco Terus kemarin ada yang berlagak mau hapus BBM Subsidi.....katrok...belum puas nipunya . #IndonesiaGelap https://t.co/1CoIYwT6zy,negatif
1542,@tanyarlfes Lanjuttttkan suara #IndonesiaGelap !!!!,negatif
1543,#IndonesiaGelap Gak abis ya pemerintah bikin kecewa rakyatnya astaghfirullah...,negatif
1544,Prabowo mengklaim kehadiran Danantara untuk masa depan anak dan cucu atau generasi penerus bangsa Indonesia. Benarkah? *Penjelasan lengkapnya segera #IndonesiaGelap https://t.co/cJFWlkuKfa,negatif
1545,tadi dosen gue jelasin di mata kuliah etika dan regulasi bahwa tugas pemerintah itu mengatur pendidikan kesehatan dan infrastruktur. tiga hal di atas itu sudah seharusnya urusan pemerintah rakyat ga usah ikut. cuman mau berharap apa dah #IndonesiaGelap,negatif
1546,Berita korupsi pertamina jangan sampe nutupin dan ngebuat kita lupa sama apa yg udah kita perjuangin belakangan ini. #IndonesiaGelap,negatif
1547,Makin kesini Makin kesana Pantas kalau ada tagar #KaburAjaDulu #IndonesiaGelap makin Nyata https://t.co/gjtzq0I8q9,negatif
1548,Jadi ges mau siapapun presidennya bukan salah presiden emang dasar pejabat dibawahnya yang emang bangsat kelakuannya emang bener yang kayak gini tuh bagusnya diblacklist dari kantor DukCaPil.. #IndonesiaGelap semakin gelap,negatif
1549,@papa_loren Astaghfirullah #AdiliJokowi #IndonesiaGelap,negatif
1550,Yahaha lebih takut sama lukisan sama lagu daripada sama TUHAN DASAR IBLIS !!!! #IndonesiaGelap,negatif
1551,#IndonesiaGelap diliat liat beneran tambah gelap..,negatif
1552,@Puthutea Tetap hati2 ya. Sepertinya ini juga pengalihan isu. Tetap monitor dan konsisten dengan #IndonesiaGelap . Pastinya kasus Pertamax ini diungkap untuk menutupi biang kerok sebenarnya,negatif
1553,@HisyamMochtar Perusahaan segede @pertamina ya kali kagak ada QA QC nya ? makin nyata #IndonesiaGelap #BoikotPertamina !!!,negatif
1554,dear Luhut. #IndonesiaGelap terbukti kan. bukan kami yg gelap. tp hati kalian gelap. Pertamax dengan 193 Triliun nya. semua pemerintah kaya memek,negatif
1555,@AdityasArifian1 ngibul gini pasti voter 02 enabler bocil psikopat fufufafa #IndonesiaGelap https://t.co/7OqfvdjVSe,negatif
1556,Ga segelap itu sih gambarku ini karena satu hal. Ini salah satu gambar kolaborasiku dan adek kelasku soal #IndonesiaGelap pake lagunya Bait &amp; Switch - KMFDM yang albumnya warnanya sangat nyentrik.,netral
1557,Jadi selama ini ada pembatasan pertalite mesti pake barcode segala macem pake buzzer buat pengaruhin orang pake pertamax ternyata ujung2nya gini?????? PERTAMINA ANJING PEMERINTAH ANJING BANGSAT LAH KALIAN @prabowo @jokowi PEMERINTAH PENIPU!! #IndonesiaGelap,negatif
1558,@barengwarga buset bro makin menyedihkan! #IndonesiaGelap #AwasiMBG,negatif
1559,@tanyarlfes Jadi selama ini ada pembatasan pertalite mesti pake barcode segala macem pake buzzer buat pengaruhin orang pake pertamax ternyata ujung2nya gini?????? PERTAMINA ANJING PEMERINTAH ANJING BANGSAT LAH KALIAN @prabowo @jokowi PEMERINTAH PENIPU!! #IndonesiaGelap,negatif
1560,@jek___ Motor bebek revo (belum geter sih) aja w isi pertamax kurang mindful apa coba eh malah diginiin. Emg negara rusak!!!! #IndonesiaGelap,negatif
1561,Ada brp karyawan yg harus di PHK? #IndonesiaGelap,negatif
1562,@papa_loren pejabat negara JANCUK semua #IndonesiaGelap https://t.co/xyVfr3i5Eg,negatif
1563,Jangan mau tidur berselimutkan kebohongan penindasan dan pembungkaman. #ArtistBersuara #IndonesiaGelap https://t.co/KmkkJDzkYx,negatif
1564,Mikir Gak...?! Terserah kalian yang mau Inves Keledai tidak jatuh pada lubang yang sama ️ kecuali Mulyono yang masuk Gorong Gorong #IndonesiaGelap #IndonesiaGelap2025 https://t.co/rEKEiKbGd6,negatif
1565,@KompasTV walah walah dari enam ratusan komentar tidak ada satupun yg baik tentang mu nak innallilahi #IndonesiaGelap,negatif
1566,@Manusiamer39266 @Piyusaja2 Pak Ndasmu Jenderal Giveaway . Macan Ompong kicep sambil nangis dipojokan ngadepin Raja Djawa. #IndonesiaGelap #IndonesiaGelap https://t.co/J6fNCpRF2D,negatif
1567,BANGSAT ‼️ #IndonesiaGelap #IndonesiaNdasmu,negatif
1568,@yusuf_dumdum Hebat itu.. Mampu bikin heran rakyat. Jabatan Mentri baru aja sekalian. DIREKTUR DANNATARA. PASTI HANCUR DAN SEKARAT para para Rakyat #IndonesiaGelap,negatif
1569,@myusufzidan9 @kompascom memang bener #KaburAjaDulu paling bener sih untung nya dirimu udh diluar ya kapan ya bisa nyusul juga kesana julukan #IndonesiaGelap wajar masih di gaungkan pembina Danantara aja masih mantan presiden yang udah buat negara ini punya hutang 8000T,negatif
1570,Bisa dibayangin ngoplos sejak 2018-2023 tanpa diketahui holding Pertamina dan menteri BUMN dan ESDM. Siapa yg dulu janji berantas mafia Migas? #IndonesiaGelap,negatif
1571,Jadi Faham kan mengapa ia ga setuju bahkan membantah ketika bnyk Mahasiswa dan Masyarakat teriak #IndonesiaGelap ?!? Memanglah terbukti Faktanya Hidup Mereka sekarang ini amat TERANG BENDERANG &amp; NIKMAT!,negatif
1572,@geloraco KPK RI sekarang pilihan Jokowi tukang ngibul.. Jangan kaann KPK RI.. Presiden @prabowo ajh gak peduli #AdiliJokowi karena dianggap guru sesatnya yang terbaik.. #AdiliJokowi #IndonesiaGelap,negatif
1573,JAKET PRIA 3D POLYESTER. Bahan polyster parasut taslan waterproof. Furing kaos jenis lotto menyerap keringat. 4 varian. Size M - XXL. Harga 205.000 DM/ https://t.co/yrYhbribqU Danantara Pertamax Muhammadiyah #kaburduluaja #IndonesiaGelap https://t.co/1rySMwdDXf,netral
1574,@ardisatriawan Skandal besar ini yang pertalite hanya 86 dibawah standart Pertamax dicek cuma 90..? Ambyar negara ini.... #IndonesiaGelap,negatif
1575,@Dandhy_Laksono #IndonesiaGelap #IndonesiaSemakinGelap Korupsi model apa sih yg belum ada di negeri ini ? Apa kabar Danantara....,negatif
1576,Wah ini sih sehat banget dan bisa menurunkan angka stunting #IndonesiaGelap,positif
1577,Melihat pengurus Danantara Malah pesimis Melanjutkan #IndonesiaGelap https://t.co/bOrfBzwCbI,negatif
1578,Aksi #IndonesiaGelap membuktikan bahwa rakyat tak tinggal diam di tengah suramnya pemerintahan Indonesia saat ini. Dari ibu-ibu K-Popers kawan disabilitas komunitas jurnalis mahasiswa hingga pengusaha semua bersatu menyuarakan tuntutan: kebijakan prorakyat keadilan bagi https://t.co/07Jiy29l63,negatif
1579,@BosPurwa .. Setoran _nya ada yang belok sepertinya.. Atau kurang setoran iniihh.. Bhuhaha.. #AdiliJokowi #IndonesiaGelap,negatif
1580,@zarryhendrik Seharusnya bapaknya ditangkap sejak dulu agar anaknya tak menjadi bajingan &amp; bangsat #negeripenuhbajingan #negeripenuhbangsat #negerisurgakoruptor #negeripenuhmafia #IndonesiaGelap,negatif
1581,Ajakan tarik dana di Bank Pemerintah hhhmmm bahaya nih Bisa ... Kayanya Negara tambah parah tiap hari ada masalah trs yg resikonyq besar terhadap kehancuran bangsa dan Negara #IndonesiaGelap https://t.co/NSNISaUOmK,negatif
1582,Berita indonesia kaga ada bagus nya anjing daei kemarin. Ini ditambah pada korupsi tolol bgt itu uang sebanyak itu dipake apa dah #IndonesiaGelap,negatif
1583,Saat nya semua bersuaraa!!! Bangsat para koruptor harusnya dihukum mati!! Bukan dibiarkan hanya penjara!!! #IndonesiaGelap2025 #IndonesiaGelap,negatif
1584,@HumorJonTampan Bhuhaha.. Hidup Sukatani Band..!! Maksudnya masuk kantor polisi gratis gtuhh.. Yaa.. Iyalah.. Ngapain juga maen maen di sana.. Mending liat monyet di Ragunan.. #AdiliJokowi #IndonesiaGelap,negatif
1585,Berulang kali kau hancurkan kepercayaanku Tak terhitung berapa kali kau dustai aku Kau buat lara diriku Tak kau hargai pengorbananku Namun saat ku akhirnya menyerah dan mencoba meninggalkanmu Kau bilang ku tak cinta kau? Dasar Ica Pulgoso organ genital! #IndonesiaGelap,negatif
1586,@NOTASLIMBOY #IndonesiaGelap banget..,negatif
1587,Semangkrak IKN #IKNmangkrak #IndonesiaGelap #adilijokowimeluas,negatif
1588,@CNNIndonesia Tapi @officialMKRI gak berani membuktikan cawe² JOKORUP di PILPRES 2024 Karena saat itu MK nya adalah Mahkamah Kongkalikong duitnya lebih gede kalo berhasil ngeGOLin tuh barang... Yah begitulah ... #IndonesiaGelap,negatif
1589,Padahal gajinya sebagai dirut Pertamina sudah banyak. Masih oplos Pertalite jadi Pertamax. Apa jangan2 disuruh mulyono untuk dana kampanye? #IndonesiaGelap #AdiliJokowi https://t.co/nbEe1jANO8,negatif
1590,@StefanAntonio__ 80 tahun Indonesia merdeka kenapa masih menyiksa rakyat. Masa depan anak dan hidup orang tua #IndonesiaGelap #SemakinNyata,negatif
1591,#AwasiMBG #IndonesiaGelap Meanwhile dagangan emakku: https://t.co/f1UxS0BWT4,netral
1592,@Piyusaja2 @prabowo Sayyah tidak akan pernah percaya Jenderal Omon Omon sebakul iniihh.. karena dia murid cerdasnya Jokowi tukang ngibul.. #AdiliJokowi #IndonesiaGelap,negatif
1593,JAKET BOMBER CASUAL PRIA STYLE. Bahan polyster parasut JN tebal dan lembut. Furing kaos jenis lotto menyerap keringat. 5 varian. Size M - XXL. Harga 205.000 DM/ https://t.co/yrYhbribqU Danantara Pertamax Muhammadiyah #kaburduluaja #IndonesiaGelap https://t.co/jfaFgiU4Et,netral
1594,@barengwarga Yang stunting bukan anak-anak tapi Pejabat Negara nya jadi sampah makanan seperti itu #IndonesiaGelap,negatif
1595,@Opposite6888 Salah satu indikasi Indonesia GELAP,negatif
1596,Inimah bukan Indonesia gelap tapi Indonesia buta anjir wkwkw kocag banget ini negara,negatif
1597,@msobri99 Yg korupsi pejabat pertamina yg ditertibin tukang eceran. Msh nyangkal kl indonesia gelap?,negatif
1598,Perusak Bangsa ..️ Salah satu yg bikin INDONESIA GELAP itu NEPO BABY merusak sistem negara dg rantai nepotisme dan perkembangbiakan kejahatan korporasi yg merugikan RAKYAT dg DOUBLE TAX. Sebutkan Nepo Baby yg kamu tau‼️ https://t.co/BoO23wBtuo,negatif
1599,@PartaiSocmed Jadi Indonesia tetap gelap,negatif
1600,@mardigu024 Itu akibat Indonesia gelap selama ini rakyat di bohongi agar membeli pertama tetapi realita nya pertamax sudah lama tidak murni lagi,negatif
1601,@wisnu_prasetya @kompascom Indonesia gelap itu nyata di depan mata,negatif
1602,Indonesia gelap Ndasmu https://t.co/u2wqCmpz0F,negatif
1603,@banjarbase Waktu SMP membantu mama jagain KAI dan Nini yg stroke sesekali hilang kesabaran apalagi dngsanak mama yg lain kd tau2.. giliran ketika diminta gantian mama harus ngeluarin upah disamping biaya makan dan berobat beliau itupun paling cuma sebulan 2 bulan udh kembali ke kami,netral
1604,@jalalpenoo @CursedBoiiiii @shinystellachen @userxdenama Kah kah kah bila dah takdak point hanya mampu bodohkan orang. Kalut nak asimilasi serupa macam one and only solution. Dok buat macam indonesia la ni aman damai sebab asimilasi. Padahal porak peranda macam tu jugak nampak orang kulit gelap pun sakan lagi dok kutuk.,negatif
1605,Seharusnya ini foto bersama Presiden d mantan Presiden menunjukkan pada rakyat d dunia inilah Indonesia yg damai d hebat Tapi Si Mak banteng di wakili putrinya dia tidak hadir. Dendam d keangkuhan buat si Mak mata gelap d picik untuk tidak hadir disitu. Banteng gelap https://t.co/8budOeMms1,negatif
1606,@tempodotco Laaahh....lu dikoreksi Indonesia gelap mlhan rakyat dibilang NDASMU....lu tuh yng kohod banget,negatif
1607,@mas_veel Indonesia Gelap 2025 Indonesia Cerah 2050. Prediksi? Indonesia Cerah tidak dgn Prediksi dan tunggu 25 th Kedepan Jika 10 tahun kebelakang Indonesia tdk di Pimpin oleh orang Pembohong!,negatif
1608,Klo orang-orang pada bilanb kabur dlu aja indonesia gelap ini itu korupsi a b c d guebmah gak dari sblm ini 8 tahun lalu juga udh gue pikirin gimana klo mislkan gue pindah negara aj tp kerjaannya jg oke,negatif
1609,@OjolNyambi Yang teriak² revolusi dan brisik kayaknya cuma warga RT 16 RW 24 ! Indonesia baik² saja yang gelap itu mata hati kalian. Bersama Prabowo-Gibran melanjutkan program Jokowi menuju INDONESIA MAJU !,negatif
1610,Indonesia gelap,negatif
1611,@henrysubiakto Halah....dia yg dulu mendukung adalah pemberi sumbangsih kekacauan di negeri ini....Dan bagian pembuat Indonesia Gelap,negatif
1612,@hnirankara Rakyat diminta bersabar sampe 5 tahun kedepan. Kalaupun gak mau bersabar mari ikut turun kejalan aksi indonesia gelap.,negatif
1613,Udah beneran memasuki indonesia gelap gempita,negatif
1614,@AsahPolaPikir China : pabrik gelap Kita : Indonesia gelap Beti2 aja kok Hidup mulyono !!,negatif
1615,Tiba-tiba dar der dor bgt ada banyak kasus korupsi yg terungkap di tengah polemik Indonesia gelap danantara MBG yg semakin gatau kelanjutannya (SD sekitar rumah juga belum dpt mbg) vendor retreat yg masih keluarga (you know lah berapa anggarannya di tengah EFISIENSI) cont.. https://t.co/56Js5bnrWn,negatif
1616,lagian indonesia gelap indonesia gelap emang pernah terangggg??????,negatif
1617,Indonesia gelap ndas mu!! ujar pasien RSJ ketawa2 https://t.co/VhkDOhDaUk,negatif
1618,@Boediantar4 Indonesia GELAP semakin GELAP,negatif
1619,@Ndrewstjan Di indonesia Lu yang gelap....buzzer sibuk jilat pemerintah....padahal banyak orang sengsara. Demo juga dinyinyirin.,negatif
1620,@enoliska_ Sedang nutup isu DANANTARA dan exposure demo indonesia gelap lebih masuk. Tp dg banyaknya kasus korupsi lama yg br terbuka malah makin membuat #IndonesiaGelap2025 makin relevan,negatif
1621,INDONESIA GELAP MENURUT RAKAYAT TAPI PEMERINTAHNYA TIDAK PEKA https://t.co/RBYjJiphmG,negatif
1622,Pak @prabowo yg ngomong indonesia gelap tuh si subianto .. Assalamulaikum pagi🇲🇨 https://t.co/o033b0aGel,negatif
1623,@pakmul63 Sudah waktunya seluruh muslimin seluruh Indonesia serentak melaksanakan doa Qunut Nazzilah karena wabah musibah kezholiman ini segera diangkat Alloh dengan cara Nya karena semakin waktu situasi semakin GELAP....,negatif
1624,@Dennysiregar7 Indonesia gelap,negatif
1625,@rh_dewa @PartaiSocmed Mahasiswa malah demo2 yg ga jelas dan ga bermutu sama sekali. Demo indonesia gelap t*ai kucing. Maklum aja sih namanya juga demo by order.,negatif
1626,@tanyarlfes Saya sangat setuju dengan pak prabowo indonesia gelap tapi tiap ada konser selalu penuh penonton contoh konser Linkin Park dan Green Day kemarin PO Samsung S25 Ultra dan Iphone 16 yang rela beli ke luar negeri. Yang bilang Indonesia gelap hanya orang-orang yang males kerja,positif
1627,@ARSIPAJA Yg melihat Indonesia gelap Anak muda karena tidak ada tanda tanda masa depan mereka terang lowongan kerja sulit masuk Akmil Akpol Kebanyakan anak anak orang dlm berpolitik butuh uang Masuk stapsus harus dekat dgn Penguasa. Begitu Pak Boss,negatif
1628,@Ndrewstjan Si goblok brrti indonesia juga gelap .. buzzer goblok,negatif
1629,@Tita83079013 Indonesia Gelap yg sesungguhnya kemunduran peradaban,negatif
1630,Yanuar: Jokowi Penyebab Indonesia Gelap. Danantara Bagi-Bagi Oligarki &amp; Pemerintah | #SPEAKUP https://t.co/z7ZDrLWzDG Datanglah keGotube nikmati video yang menarik #gotube,negatif
1631,@Ndrewstjan Indonesia lebih parah segalanya jadi bagaimanapun juga tetap paling gelap kita.,negatif
1632,@CakKhum Indonesia gelap,negatif
1633,@KompasTV Di sebut Indonesia gelap masih gak terima?,negatif
1634,Indonesia gelap,negatif
1635,@Kucyber69 Udah Indonesia gelap di tambah lagi ajaran sesat nya merajalela makin ancur dah ni negara,negatif
1636,@democrazymedia Ayo masyarakat Indonesia ikuti arahan @erickthohir tolol karena negara lagi butuh uang kalian negara gelap Krena di kuasai oleh para bajingan.,negatif
1637,Sudah tidak ada cara lain untuk memberantas korupsi di negri ini kecuali menerapkan UU koruptor dihukum mati dan UU perampasan aset. Kalau tidak berarti pemerintah dan dpr itu maling semua dan raja malingnya presiden. Indonesia sudah gelap hancur dan akan hancur lebur.,negatif
1638,Sekitar seratus guru besar akademisi budayawan aktivis mahasiswa dan masyarakat sipil berkumpul di Kampus UI Salemba Kamis (27/2/25). Mereka mengeluarkan Seruan Salemba Kedua untuk Bebaskan Indonesia dari Gelap . video by @oposan.62 https://t.co/p4O5S7nxC5,netral
1639,@violettapadma @detikcom Emang Demul merespon demo Indonesia Gelap kemarin? Demo yg di Bandung ga usah yg di Jkt dll. Apakah dia merespon misalnya dgn nelpon atau ngajak ngobrol mahasiswa koordinator aksi? Merespon dgn mendukung aksi tersebut? Tentu saja tidak.,negatif
1640,Sama sama pertamax Yg biru baru beli sedangkan yg ijo beli kurang lebih 2 hari yg lalu . . . ---- Indonesia gelap Pepaya Georgina Rapunzel Hannah https://t.co/k80AwwwNah,negatif
1641,@regar_op0sisi Indonesia suram bukan gelap lg,negatif
1642,IJIN PIMPINAN KALO MAU TANYA MASALAH VALUE/KANDUNGAN KE PAKARNYA LAHHHHH LAPO NANG DIRUT POM LAIN AMBEK ANALOGI E KOPI CAPPUCINO dahlah indonesia gelap dan cemas,negatif
1643,@gagal_hijrah @prabowo dan @Gerindra lagi sibuk ngurusin duit negara. Yakinlah Indonesia semakin gelap semua sisi. Kirain bakal tegas soal beginian malahan makin rame. Kacau kacau.,negatif
1644,@Izzulhaq15 @dimastrhk wis ora kaget nek indonesia gelap wong gawane wis gelap si man,negatif
1645,Jam gini baru pulang Yg dibahas indonesia gelap segera terjdi dan nyata. diawalin dri dunia pendidikan dan atministrasi negara.,negatif
1646,@ApriliaLin Pantes MAHASISWA TERIAK INDONESIA GELAP!!,negatif
1647,@TOM5helby Indonesia dipimpin siapa pun akan gelap sampai kiamat datang .. Contoh paling nyata kita negara mayorotas islam tapi doyan mabok judi online suap menyuap .. Kita sebagai rakyat saja tidak takut dengan tuhan kita. Gimana tuhan mau kasih terang ini negara. Mungkin begitu,negatif
1648,Kok indonesia gelap sih? Bukannya semakin terang ya tikus tikus pada disikat semua. Keren pak prabowo,negatif
1649,@kegblgnunfaedh heboh!!pernyataan prabowo terkait Indonesia gelap dalam penutupan partai demokrat!! https://t.co/t5B06p4CLd,netral
1650,@tanyarlfes heboh!!pernyataan prabowo terkait Indonesia gelap dalam penutupan partai demokrat!! https://t.co/t5B06p4CLd,netral
1651,Ada yg bilg hanya org pesimis yg bilang Indonesia gelap https://t.co/pG3lNnHi9B,negatif
1652,smpe ada liga korupsi. LU GA MALU KAH BGTU? introspeksi diri bisa ga si woy pejabat indo? dr sebelum pemilu aja udh ga berkah cara2nya nah ini hasilnya pas udh menang tambah ga berkah. TP KALIAN GA MIKIR! mana ada indonesia gelap . TOLOL,negatif
1653,Kok bisa sih pas ada bencana (baca: korupsi pertamina) baru rame tapi giliran diajakin mitigasi (baca: indonesia gelap) malah pada melempem,negatif
1654,makanya gue sengajain repost ttg demo indonesia gelap current news masalah pertapuki BIAR LO MELEKKKKKKKKKKK,negatif
1655,menuju indonesia gelap kitanya jangan lupa rajin skincare an ya https://t.co/bwV699njT2,?
1656,@Ndrewstjan Perbandingan GELAP Indonesia vs GELAP Jepang https://t.co/9CkquIAy2o vs https://t.co/nRW6Pey4nk Cadangan devisa January 2025: $156 billion vs $1 6 Trillion Jepang 10xnya Penduduk: 283 juta jiwa vs 124 juta jiwa Jepang Setengahnya Jangan Misleading!,netral
1657,Jadi lu mengaku kalo Indonesia gelap? ok clear,negatif
1658,@nobinobitakun_ @Ndrewstjan Perbandingan GELAP Indonesia vs GELAP Jepang https://t.co/9CkquIAy2o vs https://t.co/nRW6Pey4nk Cadangan devisa per January 2025: $156 billion vs $1 6 Trillion Jumlah Penduduk: 283 juta jiwa vs 124 juta jiwa Bodoh bukan di congor kalo congor bawel. Bodoh di otak.,netral
1659,@DS_yantie percaya yg dulu Indonesia Gelap lama2 Bubar.,negatif
1660,@MrONI_chwan @Ndrewstjan Perbandingan GELAP Indonesia vs GELAP Jepang https://t.co/9CkquIAy2o vs https://t.co/nRW6Pey4nk Cadangan devisa: $156 billion vs $1 6 Trillion Jumlah Penduduk: 283 juta jiwa vs 124 juta jiwa,netral
1661,@s_ans___ sehat terus di kala indonesia sedang gelap,positif
1662,Presiden pilihan lu² pada neriakin hidup jokowi Kebayang dong kalo Indonesia 5 thn lagi masih aja gelap,negatif
1663,bro mengakui indonesia gelap,negatif
1664,Terus? Kalo mau ngasih berita Jepang lagi gak baik-baik aja silahkan bagus malah karena jadi pengetahuan Tapi gausah bawa-bawa kondisi Indonesia sebagai pembanding dalam satu paragraf gitu seakan-akan keadaan Indo sekarang lebih baik dari Jepang Keduanya sama-sama GELAP,negatif
1665,Bemeran gak baik-baik aja sampe twitter FA gue isinya keresahan indonesia gelap,negatif
1666,@Ndrewstjan indonesia gelap mah bkn grgr harga doang tp sistem kita yg gelap. pemerintahnya jg gelap. semua gelap.,negatif
1667,Rakyat twitter bahkan kalah asbun sama pemerintah Hutan terkikis sawit? Aman sama-sama pohon. Minyak langka? Kan bisa rebus. Gas ijo susah? Kan ada gas biru. Kabur aja dulu? Ga nasionalis lu. Negeri ga sempurna? Sempurna mah surga. Cabai mahal? Tanem. Indonesia gelap? Ndasmu.,negatif
1668,serba serbi Partai Demo Indonesia Peteng (gelap) HARGA Mahasiswa (Mahasewa) 40k Mahasiswa gadungan (Preman) 100k Preman jauh lebih berharga? https://t.co/vjaJKRfLeA,negatif
1669,@detikcom Kacau banget indonesia gelap gulita,negatif
1670,@BosPurwa yang melihat Indonesia gelap itu siapa? Ada yg nanya seperti itu besoknya langsung ditunjukin kegelapan itu depan matanya koruptor &amp; penipu zaman bestienya...,negatif
1671,Tetep jauh ya Indonesia dari negara lain Jepang itu udah sampai cover biaya persalinan dan dapet tunjangan juga untuk keluarga yg bersangkutan. Sdgkan Indonesia gatau menau soal beginian. Segelap-gelapnya negara maju lebih gelap negara berkembangan hehe,negatif
1672,Siapa yang bilang Indonesia gelap ??? https://t.co/UaHjhhgrtV,negatif
1673,Abis liatin swnya si yg pernah deket katanya 100 hari kerja udah banyak kasus korupsi yang terungkap terus di akhir nulis indonesia gelap? Aigoo untungnya waktu itu aku milih buat ninggalin dis ya ampun baru keliatan sekarang pemikirannya kaya gimana https://t.co/bMnQ7Bhz6u,negatif
1674,kerjain tugas yang berhubungan dengan Indonesia Gelap bikin emosi malem-malem dah baca beritanya walau udah tau dari kemarin-kemarin,negatif
1675,Obral obral obral murah...Indonesia gelap gegara pejabat didikan Pak Jokowi,negatif
1676,@tempodotco Baru dikoreksi dengan demo INDONESIA GELAP saja sudah teriak2 Siapa yang bilang Indonesia Gelap? .,negatif
1677,️️ ️️ ️️ Iya bang HAHA. Gua bangga menjadi anak Sastra Indonesia walaupun pusing sedikit. Btw lo Sasindo kampus kuning kah Mas? Doain ya Mas semoga aksi Indonesia Gelap bisa didengar sama pemerintah. Biar gua bisa kuliah sampai lulus. ️️ ️️ ️️,negatif
1678,@prabowo beneran gelap Indonesia ku tercinta cuma di iming iming omon omon tok... habis gelap terbitlah kegelapan terus gulita prek cuk cuk......,negatif
1679,@novmbrgurl11 Jangan terlalu dibawa perasaan memikirkan hal yang bahkan kita masih hidup atau tidak Indonesia sudah gelap semenjak partai itu berkuasa. Fokus pada diri sendiri Butuh waktu memperbaiki tatanan negara yang ancur ancuran. Insyaallah Indonesia akan baik baik saja !,negatif
1680,@hellostalker25 @tanyarlfes Lol tolol liat skrg banyak para orang korup besar besaran yg keungkap karna era prabowo Coba presiden kmren ke anas apa janggar udah lanjut makin besar yg ada Klean yg bilang indonesia gelap itu cuma butuh kaca mata aja,negatif
1681,MANA DOSEN GUE KEMARIN DIKELAS BILANG GINI Apa itu yang rame² kemarin Indonesia Gelap? Buat apa coba demo begitu? Gelap dari mananya? Gelap engga nya mah tergantung orangnya FAGHHH.. PAK SAYA SANGAT AMAT HILANG RESPECT KE BAPAK,negatif
1682,@txtdrimedia Di bilang Indonesia Gelap ngamok 'Ndasmu' Dibilang Indonesia Terang tapi kok GELAP tetiba pagar laut tetiba danantara tetiba bbm oplosan Tetiba sibuk lalu berlalu begitu saja bagai PAGAR LAAAAUT. ke laut aja lu pada,negatif
1683,@tempodotco Titip kepruk no endase ben botake soyo gedhe!,negatif
1684,@kompascom Kacung !,negatif
1685,@fuckphysic pdhl demo indonesia gelap blm selsei loh ..:),negatif
1686,Potret Indonesia Gelap Sadarlah teman teman semua. https://t.co/e3728rHH4u,negatif
1687,@xquitavee @KPK_RI @prabowo Takut bersaing di pemilu 2029 pembusukannya sdh dimulai dr sekarang inilah yg disebut hukum hanya milik kekuasaan diperiksa berkali2 tidak terbukti masih aja dimainin memang biada kalian indonesia gelap ditangan rezim militeristik anti kritik dan lawan politik,negatif
1688,@Ndrewstjan se-gelap²nya kondisi ekonomi Jepang tdk lebih gelap dr Indonesia.,negatif
1689,@CNNIndonesia Kl gt gk usah ada pengelola negara. Rakyat bs idup tanpa pemerintah. Saat ini rakyat kepayahan dibuat ama pemerintah biadab !!,negatif
1690,@TrioKwekKwek555 @PngAdilnR4kyt Wakakakakaka Indonesia GELAP @prabowo,negatif
1691,@eko_stayalive Gini ya kmrn presiden bilang mana indonesia katanya gelap?mungkin bagi beliau terang benderan soalnya uda kebagian jabatan semua bagi warga gelap bgt pak apalagi orang2nya buzzer n penjilat gitu demo kmrn bener2 g didengerin suara rakyatnya yg bikin jd presiden mulyono sih,negatif
1692,@inilahdotcom Pemerintah dijabat oleh para maling. Dari level RT ampe Pejabat tinggi anjing smua !! Apa prlu rakyat ngerakit bom buat ngeledakin istana biar kalian sadar ??,negatif
1693,Ada temen bikin story intinya indonesia gelap apanya? Itu korupsi kebongkar di era Prabowo Oke gass oke gasss,negatif
1694,@tempodotco Indonesia gelap kalo ditanya apanya yang gelap.. Ya para pejabatnya yang gelap,negatif
1695,Indonesia gelap gulita,negatif
1696,@CutSarina5 Indonesia Gelap teralihkan dgn Pertamax,negatif
1697,@islah_bahrawi Yg bilang : Indonesia Gelap (????) Bilang dong... Gelap matamu..!!!,negatif
1698,@SuryonoSyarif Pantas indonesia mau gelap,negatif
1699,@__PASMANTAP Pemerintah sudah ngak akan dengarkan Rakyat Mereka sudah bagi bagi siapa yang bakal Calon presiden akan datang dan akan Saling menjaga sesama mereka keluarga presiden. Hanya tertawa saja melihat Masyarakat Demi Indonesia Gelap NDAS MU memang kurang ajar itu prabowo membodoh,negatif
1700,@Ndrewstjan anjay ada buzzer mengakui indonesia gelap,negatif
1701,@sdeguun ojok o iku daging kambing,netral
1702,@sibabang Kemarin dia bilang Indonesia gak gelap sekarang Jepang lebih gelap dari Indonesia? Yang mana yang bener?,negatif
1703,ini bukan lagi lomba gelap-gelapan bjir. 1. segelap-gelapnya jp jauh lebih terang daripada indonesia. pamrentanya waras. 2. katakanlah di jp emang beneran gelap terus yang di sini santai aja gitu membiarkan keadaan krn masi ada negara lain yg lebih gelap? telek telek.,negatif
1704,@annisamaghfira Harga2 pangan + listrik emang naik. Tapi bukan berarti jol Jepang gelap jir wkwkwk jauhhh rek dicompare jeung kegelapan Indonesia mah,negatif
1705,@pakmul63 Gak akan maju emg indonesia. Gak ada harapan. Terlalu gelap,negatif
1706,Ada yang nanya.. Apa iya Indonesia gelap.. Gak kok.. Buktinya ada liga terbaru selain liga 1 Indonesia. Ini dia... Indonesia cerah woi.. Secerah-cerahnya. https://t.co/5q4oLSDCQy,negatif
1707,Gelap banget Indonesia di X. Mungkin karena fuX jadinya pas banget!,negatif
1708,@NyaiiBubu Kalo alasan yg di pake adalah mengimpor pertalite dg harga pertamax kok sebodoh itu dianggapnya rakyat indonesia. Kalo alasan yg di pake adalah pertalite di oplos dg pertamax biadab sekali mereka. Omon2 nya sudah menuju gelap.,negatif
1709,@CNNIndonesia Menteri Gelap yang bikin Indonesia Gelap Gulita.,negatif
1710,@JanissaryD_Last Plus.. Oplosan Petamax katanya ternyata pertalite Indonesia gelap ndasmu,negatif
1711,bener bener bertubi tubi sejak pajak 12% -&gt; gas langka -&gt; indonesia gelap -&gt; sukatani -&gt; danantara -&gt; pertamina dan semua semua yang lupa gw sebut. Gimana ga nyentuh 6000 IHSG,negatif
1712,@convomf Indonesia gelap / terang wkwkk,?
1713,@shitlicious pengalihan isu gasi ketika indonesia gelap gov menjadi pahlawan dengan tau tau ada kabar penangkapan korupsi BUMN jujur gw yakin ada banyak kriminal besar yg udh ready to publish tapi nanti dulu dikeluarin pas waktunya pas. Beneran kaya main caturr.,negatif
1714,@Abil130886 @H4T14K4LN4L42 @DPR_RI @puanmaharani_ri Rakyat sekarang gak perlu dipropokasi asing lg udh jelas pemerintah udh gak kompeten ngurus negara indonesia gelap,negatif
1715,Pemerintah tuh beneran tau ga ya rakyatnya yg kelas menengah mepet miskin di sini lagi banyak menjerit dengan sulitnya hidup? Indonesia gelap karena memang bahkan untuk berharap aja udah ga bisa. #KaburAjaDulu seolah ga terelakan. Berat banget jalani hdp di Indo sbg orang Indo.,negatif
1716,Prabowo: Yang bilang Indonesia gelap siapa? https://t.co/E7ZoQTK12S,netral
1717,Yang liat indonesia gelap tuh siapa Jadi gini ada tipe 2 orang yang gabisa bedain gelap dan terang 1. Orang buta / buta warna 2. Orang yang masih dan terlalu lama dalam kegelapan Oh atau bisa jadi orang buta yang tinggal dalam kegelapan,negatif
1718,Prabowo: yg liat Indonesia gelap tuh siapa? abistu (Semua hadirinnya langsung ketawa menggelegar HUAHAHAHAHAHAH) bener2 demo kita kemaren Dimata para pejabat ga dianggap apa-apa guys malah dijadiin bahan olok-olokan,negatif
1719,cuma para pendukung dan para penjilat yang tidak mengakui bahwa Indonesia GELAP,negatif
1720,@CutSarina5 Gara gara wajah babi ngepet yg di pelihara oleh Molyono akhirnya indonesia jd gelap. @jokowi @prabowo @Gerindra @luhut_binsar https://t.co/GszwVsw2q7,negatif
1721,@tanyakanrl gelap banget nder kayak Indonesia,negatif
1722,Aku tetep bakal mantau indonesia gelap aja gamau hate komen aneh aneh dulu Takut kesulut emosi ikutan ngamuk ternyata yang diamuk ga salah kan ga lucu wkwk,negatif
1723,@drafgter Kalo terus gelap kan Indonesia.,negatif
1724,Ya semoga yang sebenernya segera terungkap aja sih pengen bgt selain kejagung ada pihak lain yang juga meriksa kasus itu maupun kasus tom lembong timingnya pas bgt cuy habis indonesia gelap yang ga ditanggapi oleh pemerintah padahal udah pada demo ke jalan,negatif
1725,@MasBRO_back Habis gelap terbitlah gulita ini mah .... Indonesia gelap gulita,negatif
1726,hari-hari tiap buka x baca berita yg lewat indonesia gelap makin gelap njir,negatif
1727,Trus gak mau dibilang Indonesia Gelap ????,negatif
1728,@CNNIndonesia Pak @ZUL_Hasan Bpk paham posisi bpk? Knp rakyat bersuara ke Bpk demikian? Gk usah jd menteri Pak. Jd tetangga saya aja lalu Bpk jwb demikian ke saya pas saya keluhkan. Indonesia emang gelap.,negatif
1729,@tanyarlfes Jadi bisa hemat di saat orang orang pada berkata Indonesia gelap,netral
1730,Makanya sekarang jadi indonesia gelap soalnya yang buta lebih dari separo alias 58%,negatif
1731,@ARSIPAJA Lah pake nanya. Ya rakyat lah pak yang liat Indonesia gelap! Asal bapak tau wahai presiden bonekanya Jokowi dan Gibran ini negara udah mirip Bangladesh bapak. Jangan heran deh kalo suatu hari rakyat lu duitnya banyak tapi ga kaya. Beli telor 1 kg bawa duitnya 1 arko!,negatif
1732,#Indonesia gelap https://t.co/bQmwdSC8DU Postingan ini dibagikan via TikTok Lite. Unduh TikTok Lite untuk menikmati postingan lainnya: https://t.co/jcYx6mxFVP,netral
1733,@Yurissa_Samosir @aniesbaswedan @choymarkochoy @ay_prakasa2225 @JamalBoegis @mattdilaga @nomerorae @msaid_didu @AmaluddinSSili1 @PutriKayan16645 @yaniarsim @Panitia68285950 Wan Abud emang lagi cari muka dan cari perhatian supaya dipuja puji. Muak menjijikkan manusia kadrun ini. Justru orang ini membuat Indonesia gelap. Biang kerok Konoha !!,negatif
1734,@wisnu_prasetya @kompascom nih kompas masih belum percaya Indonesia gelap?,negatif
1735,@tanyakanrl hayo mau ngapain ada buzzer gus segala? mau pengalihan isu danantara / Indonesia Gelap yah? kontol,negatif
1736,Kalo di Indonesia mungkin disebut sebagai nglindur. Kombinasi trauma ditinggal sahabat jadi korban obsesi junjungan serta terlalu banyak melihat rahasia gelap orang lain bisa jadi faktor yang membuatnya sulit tidur dengan tenang,negatif
1737,Kayanya kita perlu adakan doa bersama seluruh masyarakat Indonesia raya semua rakyat berdoa bersama di jalan-jalan gitu biar protesnya langsung ke Sang Pencipta. Gelap banget ini negara ya Allah,negatif
1738,@ARSIPAJA Keknya nunggu gw sembuh dari minus dulu sih Ndut baru bisa liat indonesia terang eh minus gak minus kan emang negara ini dah gelap iya kan ndutttt,negatif
1739,@rengcge @tanyakanrl sehat segar: semangka bikin lancar eek: kopi,netral
1740,org2 migrasi ke bank internasional indonesia gelap bgt ril,negatif
1741,Pengen banget ga buka X tp takut ketinggalan berita. Tapi beritanya takut banget ada aja gebrakannya. Buka X indonesia tuh gelap banget.,negatif
1742,____ KEBIJAKAN PEMERINTAH YANG NGAWUR ITU MEMBUAT INDONESIA GELAP ...mon-omon ?... ndas-mu..!,negatif
1743,Indonesia gelap in sya Allah akan terang dengan kita mempelajari Islam secara kaffah. #AynalMuslimun #SavePalestine #DakwahIslamKaffah #SyeikhTaqiyuddinAnNabhani https://t.co/Dij0ww5Vie,negatif
1744,@spektrumku Jadi bener Indonesia Gelap?,negatif
1745,@kumparan Paling yg bayar Denda majikan dia..(sekelas kades punya uang segitu dari mana ..!?)....!!! Bener2 gelap Indonesia...!,negatif
1746,Pantas Jokowi memilih cawe-cawe rupanya ada misi gelap yang terjadi di Indonesia ini,negatif
1747,@A_Store9779 @yaniarsim @Shell Apa Mr. @prabowo msh jg nanya siapa yg melihat indonesia ini gelap? Coba cek data yg sdg beredar tsb: Imbasnya sngt luar biasa kpd rakyat bagi anda semua sih gak akan ngaruh apa2 apalagi yg di LHKPNnya diatas puluhan M sampai T pasti ngomongnya EGP yg penting dah kaya! https://t.co/2nqYQzewT3,negatif
1748,@ekokuntadhi1 Emang mending beli di shell dll....apa yang bisa diharapkan dari Indonesia Gelap?,negatif
1749,@NenkMonica Kau ini yg bikin Indonesia gelap Kok bangga pabrik luar masuk dikita. masa ngak ada pribumi yg mampu.. pemerintah harusnya mendukung pengusaha lokal.,negatif
1750,@shoyoujeruk @tanyakanrl Grafik Indonesia gelap,negatif
1751,sabtu besok tgl 01.03.2025 14.00-16.00 ada aksi solidaritas indonesia gelap di brandenburger tor. if you re around maybe lezgo??? https://t.co/A7lMV9XiID,?
1752,Gnti casing doank Pantas aja gk pilih ini,negatif
1753,Ini sih tulisan terselubung. Seolah anda menyetujui bahwa Indonesia Gelap bukan karena ulah pemerintah yang gagal mengatasi masalah bahkan setiap hari rakyat disuguhkan berita BURUK!,negatif
1754,@prabowo Selagi presiden Indonesia masih tunduk dan di kontrol si Wiwi maka masa depan Indonesia masih gelap.,negatif
1755,Hahaha apaan lg ini,?
1756,Msh bertahan jd menteri Rusak,negatif
1757,@secr3thm4nz56 RAKYAT DAN MAHASISWA DEMO INDONESIA GELAP.. LHAA PRABOWO DAN BEGUNDAL2NYA JUSTRU GA ADA SIMPATI MENGOLOK2 DAN TERTAWA2..,negatif
1758,@prabowo Selagi presiden Indonesia masih tunduk dan di kontrol si ono maka masa depan Indonesia masih gelap.,negatif
1759,@_Alone_Warrior_ @aniesbaswedan INDONESIA sedang mode GELAP... #IndonesiaGelap Tapi rakyatnya yang tangguh dimenghadapi kegelapan... Terima kasih orang2 tangguh dan orang2 yang menjaga kewarasan...,negatif
1760,Jawaban demo #IndonesiaGelap: diresmikannya danantara korupsi 1kuadraliun oleh pertamina dan dinyinyir mana ada indonesia gelap sama presidennya sendiri. Gelooooo,negatif
1761,@rubahkeIabu Siapa yg bilang indonesia gelap? Indonesia cerah kok. 25 tahun lagi ada di atas jepang,negatif
1762,@8M1T_Eitijeu Bener banget di luar negeri emang terang banget. Beda jauh sama di Indonesia yang gelap terus.,negatif
1763,@siapamaukuwe tempo hari aku sampe aplod di weibo yg indonesia gelap,negatif
1764,Aksi Indonesia Gelap di Ciamis: Mahasiswa Desak Pemerintah Ketua DPRD Beri Respons Tegas https://t.co/Z7suwpTHEL,netral
1765,Indonesia gelap kalo bahas GDP / PDB per kapita Tapi Indonesia terang cerah kalo bahas GDP PDP based on total production / produksi Solusi?,netral
1766,@tiiyak Indonesia gelap ti,negatif
1767,@Homo_sapiens21 Indonesia manusianya emang gelap Apalagi di X Isinya jadi darting,negatif
1768,INDONESIA BENER BENER GELAP! FUCK! PEMERINTAH TAIK!!,negatif
1769,@sami86pilang Semakin kedepan system Hukum di Indonesia semakin Gelap.,negatif
1770,MEDIA DIBUNGKAM... MUSIC JUGA DIBUNGKAM... CNN INDONESIA BAGIAN DARI KEKUASAAN... CNN DINILAI FRAMING AKSI DEMO INDONESIA GELAP...‼️ #JokowiPredatorKorup #JokowiPredatorKorup 🆘🆗 https://t.co/7Lmst8kT1L,negatif
1771,indonesia terang kau yang gelap,negatif
1772,@H4T14K4LN4L42 @DPR_RI @puanmaharani_ri Rakyat pribumi..bersatu membenahi Indonesia Gelap,positif
1773,@Ndrewstjan Jadi indonesia yang ga gelap atau jepang yg lebih gelap?,netral
1774,@Kaniyng Indonesia gelap ️ Boc Gelap ️,negatif
1775,@Tan_Mar3M @AirinDatangLagi Katanya thn 2030 Indonesia sudah gak ada ngibul lo wo 2050 lo ug gelap di neraka sana,negatif
1776,@Yurissa_Samosir @prabowo RAKYAT +62 yg melihat INDONESIA GELAP sllu krn PEJABAT NEGARA ga becus kelola Pemerintahan..... masalah demi masalah trus bermunculan....,negatif
1777,@idextratime @delimburger Semuanya aja dari belanda,negatif
1778,Halah lu kan g pernah nganggep diri lu mengecewakan Udh sekecewa ini lu malah nanya Indonesia gelap dimana? Ngentot,negatif
1779,@Stockbit Omke gams omke gams Indonesia gelap dari mananya *SFX ketawa,negatif
1780,Demo yang marak di mana mana di NKRI membuktikan bhw Indonesia Gelap tdk bisa disangkal oleh para pejabat negara. Nalarnya kalau keadaan terang /baik2 saja mana mungkin ada demo. Demo/unjuk rasa dikrnkan ada sesuatu yg tdk baik2 pada para pejabat,negatif
1781,@Arie_Kriting Naga kalo dibandingin sama pernyataan pejabat pasti selalu naga yg menang..,negatif
1782,@pisces_redblue Indonesia gelap,negatif
1783,@gvaldiol bekas pas demo indonesia gelap itu paling2 di cat lagi sama dlh,negatif
1784,@BebySoSweet Indonesia gelap karena adanya kehadiran gerombolan kaum kadrun !! No debat !!,negatif
1785,SPK juga secara aktif mengikuti renana aksi Indonesia Gelap di Australia sebagai berikut: https://t.co/2MQPoAIkm4,netral
1786,15/2/2025: Tidak ada yang berani mengkritik Presiden Prabowo. (Jokowi koruptor OCCRP) 18/2/2025: Mahasiswa Malang dalam aksi Indonesia Gelap membakar poster @prabowo @gibran_tweet #JokowiPredatorKorup #JokowiPredatorKorup https://t.co/x7yH8Przh9,negatif
1787,Indonesia LEBIH GELAP? ALLAHUAKBAR Sumber: CNBC Indonesia https://t.co/cxq0aEPt5j,negatif
1788,@mracquez lah iyakahh?? aku malah baru tau tp gpp sih wonderful indonesia tak sesuai kenyataan pun haha aslinx negara gelap,negatif
1789,@tanyarlfes Bener-bener Indonesia gelap dah.,negatif
1790,Jokowi koruptor OCCRP dan gerombolan Luhut diberi jabatan sebagai pengawas Danantara. Masa depan Indonesia gelap #JokowiPredatorKorup #JokowiPredatorKorup https://t.co/2klD4F0aDH,negatif
1791,@pisces_redblue Indonesia gelap,negatif
1792,@muktiahmad56 Indonesia gelap dr mana ucap prabowo,negatif
1793,@erlanishere Indonesia makin gelap,negatif
1794,@awsemdee Apanya yang nyala? Kok Indonesia masih gelap.,negatif
1795,@MariaAlkaff_ @prabowo Para pejabat n pemimpin jelas lah Indonesia Gemerlap. Tp rakyat kelas menengah yg turun jdi miskin n juga rakyat miskin Indonesia Gelap,negatif
1796,@AsahPolaPikir Sebuah langkah awal mewujudkan indonesia (makin) gelap,negatif
1797,Enggak akan ada itu Indonesia gelap kalau Abah presidennya saya yakin banget. We love you Abah. #SemogaIndonesiaKembaliTerangAamiinYRA,negatif
1798,@yudhakhel Menuju Indonesia gelap,negatif
1799,@PDI_Perjuangan Ayoo di gas lagi @pdip instruksinya kpd para petugas partai terpilih percuma klo gk di gas sekjend hasto ttp di tahan enk sj kriminalisasi sekjend trs suarakan kasus 98 suarakan demo indonesia gelap trs srg n bunuh kaeakter mulyono ayo mb @puanmaharani_ri jgn diam !!!!!,negatif
1800,Rocky Gerung menilai pihak istana cukup buruk dalam merespon terhadap tagar Indonesia gelap yang digaungkan oleh masyarakat. . . . . Pertamina RON 88 Petamax KISS OF LIFE Barbuk BABY MONSTER. https://t.co/fxZuV4V3Nf,negatif
1801,@Tan_Mar3M Gemana gak gelap Indonesia sejak era @jokowi sampe @prabowo liat aja bedanya nasib perawat Jerman dan Indonesia: Jerman . Indonesia https://t.co/2qO2qhZyRk,negatif
1802,Ya Tuhan Gelap banget berarti ini Tanda2 mau hujan deras https://t.co/SPRIokAdWt,negatif
1803,Siyap menerangi indonesia yg katanya sedang gelap https://t.co/pKGrNT8lwj,positif
1804,@Lembayung071 @DPR_RI Jokowi jelmaan Dajjal tanda tanda akhir jaman.daya rusak nya luar biasa.nkri gelap salam Indonesia gelap,negatif
1805,@democrazymedia Andai ajh pihak kejaksaan mau mengusut harta kekayaan orang ini mungkin sudh lama dia ke ciduk tapi akh sudh lah Indonesia gelap....,negatif
1806,@mas_veel Salam Indonesia gelap,negatif
1807,Indonesia Gelap: Mengapa Rakyat Tegas Melawan? https://t.co/K9KaZVWAbs https://t.co/hqr0Nl7hQ3,netral
1808,@pakmul63 @afifahafra79 @msaid_didu Apa2an ini??? Indonesia memang GELAP,negatif
1809,@idextratime Karena nafsu bermula dr mata maka lebih baik dibikin buta aja. Sesuai tagline indonesia gelap.,negatif
1810,setelah demo indonesia gelap akankah ada demo pengesahan UU perampasan aset koruptor (?),negatif
1811,Indonesia gelap (mau hujan) https://t.co/qXTW7aQaT1,netral
1812,@tempodotco Udah dikoreksi sampe ada demo Elu cuma bilang ndasmu dan malah tanya Indonesia gelap di bagian mana? Ya bagian Ndasmu!!,negatif
1813,@Saham_fess Pemerintah kont**,negatif
1814,Idol Indonesia: Carmen Dita Kim Zayyan Nama grup: Indonesia gelap (untung kita udah di Korea) https://t.co/tB4FsCWbtw,netral
1815,@ARSIPAJA Buat makanan mpus?,netral
1816,@ahmad_bellamy Indonesia Gelap Gempita... Rakyat Gelap Koruptor Gempita...,negatif
1817,@MichelAdam717 Presiden gagal semua ya..Indonesia semakin gelap,negatif
1818,Indonesia Gelap: Mahasiswa vs Presiden - https://t.co/KjW6aTJeox,netral
1819,@SaptadiSuh29615 @baygonsetobeli @tanyarlfes Hanya ada di Republik Indonesia dan Indonesia gelap masa depan suram kalo ada bencana alam semua akan kena perbedaannya hanya hukum di akhirat,negatif
1820,@KompasTV 200 jt lebih rakyat Indonesia ditipu selama 5 thn oleh Pertamina. Masih nanya Indonesia gelap dimananya? @prabowo @luhut_binsar ?,negatif
1821,@RefublikAteis @agama_nusantara @BayuAngora @PaijoKhentirr @sakkusaitna @Valhallaah @spektrumku @Kappa_2023 @bnsphrxyzzz @drhthariq @iphone7decoco @Sentjoko @LWidhiatmoko @ilhampurnama887 @Gitaananta001 @jonnypengacara @filosofiksi kok gak jelas? apa termasuk ikut2an demo 'indonesia gelap'?,netral
1822,@cakrozi Masa gelap sebelum Indonesia merdeka itu kapan?,negatif
1823,@aniesbaswedan Mantab Indonesia gelap Iki pie le,negatif
1824,Kenapa UI Investigasi Status Iqbal Cheisa Wiguna yang Ikut Aksi Indonesia Gelap? https://t.co/FzynlF2qK4,netral
1825,@tempodotco Tuh kan di sebut Indonesia gelap gak terima....,negatif
1826,@tanyarlfes Pejabat bego yg di masalahkan nipu nya bukan blend nya sama pejabat DPR juga dengar pendapat bahas BBM pada bego Kabeh. Emang gelap Indonesia.,negatif
1827,Lihat berita kayak gini aja kades punya duit 48 M Indonesia makin gelap saja ini.,negatif
1828,@kompascom YLKI mana...kok diam..perjuangkan hak konsumen yg sdh di prank pertamina... hrsnya sekarang Pertamina kasih kompensasi kepada konsumennya... ancen bener...Indonesia gelap...semua dikorup..yg susah rakyat....,negatif
1829,@CNNIndonesia Di Indonesia baru disuruh efisiensi perjalanan dinas aja udah bilang kalau Indonesia Gelap Gelap Ndasmu,negatif
1830,Kenapa UI Investigasi Status Iqbal Cheisa Wiguna yang Ikut Aksi Indonesia Gelap? https://t.co/Da1VAU0hIa,netral
1831,@geloraco Bongkar Pak Jaksa sampai tuntas...jgn cuma Direktur2nya doang...Menterinya siapa saat itu....???. Presidennya siapa saat itu...???. Bongkar...kalau berani. Apa iya Ratusan Trilyun hny kena kroco2nya doang. Bila rakyat jadi susah krn ini...maka tak salah ada tema Indonesia Gelap.,negatif
1832,@tham878 Jokowi gk usah difitnah sdh bejat negara hancur lebur dipimpin Jokowi 10 tahun kemarin PT Sanken udah gulung tukar menyusul Pabrik Motor YAMAHA udah mem-PHK 1.00 orang pekerjanya siap-siap hengkang dr Indonesia loe paham era Krismon 1998 saja tdk sebobrok ini. INDONESIAN GELAP !,negatif
1833,INI BUKAN #INDONESIA GELAP TAPI MAJULAH INDONESIAku https://t.co/j9MzqRpd2p,positif
1834,@KangManto123 Indonesia gelap maleeeesssss,negatif
1835,ihsg di bawah 6 500 ini indonesia gelap apa indonesia terang @prabowo ?,negatif
1836,@ulil Masih banyak kasus seperti.. tpi belum terbongkar aja makanya klu ada tagar Indonesia gelap dak salah juga.. memang 10 thn pk dhe berkuasa meraja lela.. Penggarongan uang rakyat..,negatif
1837,Indonesia gelap IHSG merah,negatif
1838,@Catatan_ali7 @bahlillahadalia Speknya dibawah standart gibran ini mah. Ya pantes aja indonesia gelap.... ahhh apalagi presidenya yang apa apa hidup jokowi hidup jokowi.... meeeonggggg,negatif
1839,otw indonesia gelap,negatif
1840,@kompascom Benar2 indonesia gelap.....!¡,negatif
1841,@prabowo Dewan pakarnya koruptor pengawasnya nominasi terkorupt &amp; penjahat perang dr luar pengelolanya kroni nya mulyono jg...!! Bener2 Indonesia gelap ....!!!!!!,negatif
1842,bener2 indonesia gelap,negatif
1843,@NenkMonica dari awal demonstrasi Indonesia Gelap tdk satupun media TV yg memberitakan,negatif
1844,Kata siapa Indonesia gelap? Ternyata ada beberapa penyebab nya. Indonesia mengalami siang dan malam seperti negara-negara lain di dunia. Namun ada beberapa kemungkinan yang dapat menyebabkan Indonesia mengalami kegelapan seperti: 1. Gerhana matahari atau bulan 2. Badai atau,negatif
1845,@bvscoro @convomf Angga berhenti post karena dialihkan oleh isu Indonesia Gelap dan sebangsanya.,negatif
1846,Normalisasi plagiarisasi? Beneran deh indonesia gelap wkwk,negatif
1847,@txtdrjkt Astaghfirullah yaallah. Kalau masih ga hukum mati atau cuma hukuman ringan fix Indonesia gelap haha bacot gembar gembor doang berantas korupsi,negatif
1848,@BangEdiii Bayangin aja andai kelak kantor arsip Danantara seperti itu pula...finish kah Negara ini?..Indonesia Gelap..,negatif
1849,Berikut ini Seruan Salemba Kedua Bebaskan Indonesia dari Gelap https://t.co/SajqMYy7K7,negatif
1850,Harusnya yg demo indonesia gelap yaa geruduk orang2 iniii...,negatif
1851,indonesia gelap bukan karena pemerintah doang dari generasi muda juga banyak penyakit diabet stroke asam urat dll,negatif
1852,Indonesia gelap... Indonesia bobrok... Indonesia amburadul... Karena sistem korup yang diterapkan di negeri ini...,negatif
1853,@CNNIndonesia Indonesia makin gelap,negatif
1854,Kemarin abis rewatch film ini ngebayangin kalo Indonesia terjadi perang sodara. Apalagi dengan kondisi saat ini: adanya gerakan Indonesia gelap hastag kabur aja dulu berita mega korupsi https://t.co/PCLVUREV3J,negatif
1855,PANTAS INDONESIA GELAP SEMUA BUMN DIBAWAH NAUNGAN ERIK TOHIR DAN BAHLIL MELAKUKAN KORUPSI,negatif
1856,@tanyarlfes Orang stroke fungsi luhurnya udah rusak. Dia bisa berkata apa aja tanpa pertimbangan. Lah orang spt ini kalian pilih jadi presiden bukan cuma gelap Indonesia Indonesia Gosong.....,negatif
1857,Rumah hantu Yang sekarang aja masih omon-omon kok ngomongin 2029 Indonesia Gelap https://t.co/kMCK71sC8m,negatif
1858,@Ndrewstjan kalo jepang gelap terus indonesia apa? indonesia vantablack kah?,negatif
1859,@Ndrewstjan Gini aja berani taruhan gak klo jepang segera sembuh dari gelap dan menjadi terang benderang lebih cepat dari indonesia ?,negatif
1860,@Tita83079013 Gmn gak gelap diluar sana sdh maen koding disini masih maen kolong2an Bukan sekedar gelap tapi runyam kalo mereka mimpin Indonesia dgn pahamnya,negatif
1861,@NenkMonica 10 tahun di pimpin jokowi indonesia tambah gelap di + prabowo au ah gelap,negatif
1862,Beda gak kayak ketawanya presiden dan pejabat waktu ngetawain Indonesia gelap?,negatif
1863,@EricStrada68660 @Mdy_Asmara1701 @prabowo Wkwkw katanya aja indonesia tidak gelap kocak.,negatif
1864,@catchmeupco Indonesia #4 ekonomi dunia di 2050? Bisa aja banyak riset bilang gitu. Tapi Indonesia Gelap juga bukan halu korupsi infrastruktur ketimpangan masih PR gede. Optimisme oke tapi kalo eksekusinya zonk ya prediksi cuma jadi wacana di atas kertas.,negatif
1865,@Ndrewstjan lebih gelap dri Indonesia itu kesimpulanmu?,negatif
1866,@tanyarlfes udah bener diungkap kasus korupsi korupsi selama ini masih aja menggaungkan indonesia gelap wkwkwk kocak,negatif
1867,@Dandhy_Laksono #IndonesiaGelap itu memang benar adanya. Kita bayar pajak hanya utk bahag pengeluaran super ngehek karena mental korup KPU dan Bawaslu daerah Supar kamprettt. Mau diumpetin apa lagi mmg Indonesia gelap kannn?,negatif
1868,@CNNIndonesia BAGAIMANA PUN REVISI NYA KALAU KARAKTER MALING YA TETAP AJA MALING.... HUKUM SEBERAT-BERAT NYA BIAR ADA EFEK JERA... INI YANG PIMPING JUGA BERLUMURAN KORUPSI JADI TETAP AJA INDONESIA GELAP...,negatif
1869,Tutup maning PHK maning-maning bae... kok bs seh sur-pay kepuasan 80.9% yak. Kudune dibalik aje angkanyr jadi 90.8% yak. 1100 pengangguran akan segera tercipta lg. Bener2 Indonesia GELAP dah....! https://t.co/uSUntH6rOE,negatif
1870,@Ndrewstjan Kmrn katanya indonesia gak gelap sekarang jepang juga gelap/lebih gelap dr indonesia? Jadi indonesia gelap apa nggak bang?,negatif
1871,@democrazymedia Indonesia gelap itu dari berbagai sisi mungkin inilah gambarannya https://t.co/yiHnAYOGcn,negatif
1872,@Ndrewstjan Berarti lu mengakui Indonesia gelap kan?,negatif
1873,@Catatan_ali7 Owkwowowkw katanya yangg bilang Indonesia gelap dia sendiri yang gelap. Owkwowkw statement terjelek,negatif
1874,@Mukidioon2 Walau indonesia emang menuju gelap tolong jangan langsung percaya. kalian harus filter konten2 dengan pengetahuan juga biar otak kita gk makin gelap kalo konsumsi berita sepotong2 https://t.co/ZOWaSOr7kl,negatif
1875,Prabowo : Yang Bilang Indonesia Gelap Siapa? https://t.co/ISpwPywTCH,netral
1876,Pejabat nya pada rangkap jabatan Rakyat nya banyak yg gak punya pekerjaan akibat PHK dan cari kerja sulit. Lalu presiden tanya Indonesia gelap apanya yg gelap Rakyat pun kompak menjawab: Ndasmu yg gelap https://t.co/JEGjzk7R3W,negatif
1877,indonesia gelap itu ril apalagi dibagian dramaga skrg,negatif
1878,@mas_veel Kl gak ada korupsi..terbaru pertamina hampir 1000 trilyun....gelap banget nich indonesia...,negatif
1879,Statemen Prabowo: Koreksi Saya Bila Ada Tanda Tidak Setia kepada Rakyat Kritikan / Koreksi Rakyat: Penjarakan Koruptor Indonesia Gelap Jawaban Prabowo: NDAS MU️ - INDONESIA otw SURAM - https://t.co/9YlK4xLAYm https://t.co/Sfke3s4PQN,netral
1880,@JhonSitorus_18 Dia kan jadi mentor 3 pleciden mentornya opung Indonesia makin gelap,negatif
1881,Dari Roti Turun ke Aksi: Kisah Maaruf Berbagi Roti di Aksi Indonesia Gelap https://t.co/Z94ecELTfG,netral
1882,@Saham_fess Wkwk Indonesia gelap,negatif
1883,@BebySoSweet Indonesia gelap yg terang terangan cuma korupsi nya,negatif
1884,@CNNIndonesia Ga puas2 rupanya 2 periode buat indonesia hancur mash aja mau menjerumuskan ke lebih gelap gulita lg Pantas rakyat dah muak dan jijik list dia wars wiri d pemerintahan trrus.. #IndonesiaGelap #IndonesiaGelap2025,negatif
1885,daaamn mahasiswa dan rakyat demo tentang Indonesia gelap malah ditanggapi oleh that so called pemimpin dengan mocking siapa yang liat Indonesia gelap? nyenyenye and then BOOOMM ada korupsi pertamina ratusan triliun and they still think Indonesia sedang baik-baik aja?,negatif
1886,@ChocoPinkGirl @Kopi82197082 @N0v44ndr1 @narkosun Gak masalah. Tapi kontradiktif dengan jargon Indonesia gelap sebab gelap itu jika tidak punya uang tidak punya gaji klo kabur berarti punya uang dong,negatif
1887,Pantesan dia gal setuju tagar Indonesia gelap. Lha wong buat dia terang benerang. Ambil semua noh bagi2 sama keluarga Solo dah. Semoga malaekat emosi liat mereka semua.,negatif
1888,Menurut Luhut soal #IndonesiaGelap kondisi Indonesia masih cukup baik enggak gelap! https://t.co/S8XkBy1zbE,?
1889,Presiden Prabowo akan aman bila tetep bela oligarki dan rezim Mulyono. Tapi bila melawan maka oligarki akan gelontorkan dananya kemahasiswa dan habislah Prabowo. Kenapa Prabowo teriak hidup Jokowi vs adili jkw Indonesia Gelap: Mahasiswa vs Presiden https://t.co/va6KnbLaEz,negatif
1890,@CNNIndonesia Ternyata Indonesia memang gelap,negatif
1891,@V3g3L @prabowo Hancuuuur lebur . pejabat larut dalam halu Indonesia Emas realita Indonesia Gelap menuju Bubar .,negatif
1892,@mas_veel Yang gelap ya pikiran orang Indonesia yang diajak maju malah negthink mulu,negatif
1893,@badgen1us_ Urang sugih bawaan lahir atau yg gajian dari APBN: perasaan ikam aja kalo indonesia gelap baik baik ai ni perasaan,negatif
1894,emg indonesia gak gelap buat dia sama antek2nya,negatif
1895,korupsi timah korupsi pertamina pemangkasan anggaran MBG gajelas danantara fufufafa nyukur rambut anak sekolahan instead of bekerja sbgi wapres prabski ndasmu indonesia gelap luhut marah marah rakyat gamau bayar pajak kabur aja dulu indonesia... pick a struggle lah,negatif
1896,Indonesia bertambah gelap.. https://t.co/cSTtyAw782,negatif
1897,alhamdulilah golput. gak mau nanggung karma salah pilih pemimpin. cukup hokowi periode pertama itupun nyesel sampe skr. btw si gemoy omon-omon harusnya dibawah pengampuan. ngomongnya udah kyk biden. indonesia gelap suram.,negatif
1898,@KompasTV INDONESIA MAKIN GELAP,negatif
1899,Jadi Indonesia gelapnya makin gelap atau isu nya malah jadi ketutup karna kasus lain ?,negatif
1900,@penaikhwan Di tengah gelap nya Indonesia ada damkar jadi secercah lilin kecil cahaya terakhir .,negatif
1901,Gitu kemaren dikatain INDONESIA gelap kagak terima. Trus bukan gelap apaan?? Gerhana matahari???,negatif
1902,@TOM5helby @Kemenperin_RI nah beneran kan Indonesia makin gelap,negatif
1903,@ARSIPAJA Indonesia GELAP karena masih adanya pengaruh Mulyono dalam pemerintahan padahal sdh jelas dunia menyatakan salah satu Koruptor Kakap....,negatif
1904,@cnbcindonesia Indonesia (tidak) gelap katanya,negatif
1905,Lolot quality mentry gibi di pakai ini indikator indonesia poek jing,negatif
1906,@TOM5helby Menuju Indonesia Gelap... Harga BBM naik terus,negatif
1907,Sejak 2018? Indonesia bukan gelap lagi udah mati Apasih orang2 ini,negatif
1908,Kasian pahlawan yang dulu udah bikin Indonesia merdeka sekarang malah makin didzolimin pemerintah sendiri. Idupnya tenang banget Pak? Hatinya udah gelap banget kayanya sampe ga mikirin susahnya orang. Anjing.,negatif
1909,@txtdrimedia Prabowo: Kok Indonesia gelap?,netral
1910,Waspada aksi provokatif bertajuk Indonesia gelap yang diusung ileh kelompok kepentingan tertentu https://t.co/ghwOsDHarY,negatif
1911,INDONESIA GELAP Tak bisa dipungkiri kondisi saat ini adalah dampak keputusan dari pemerintah sebelumnya. Semoga kita semua bisa berpikir jernih menyikapi semua ini sambil tidak kehilangan rasa nasionalisme https://t.co/3f6XF0Kcxc https://t.co/HIFpOOMnSa,negatif
1912,Sama halnya yg masih Denial Indonesia gelap ketika periuk nasinya blum kesenggol seluruhnya mereka akan tetap Denial &amp; menggangap semua itu berlebihan. Lihat nanti bahkan anggaran listrik kampus pun di potong demi MBG itu mereka sendiri yg akan turun. Lebih baik kita diam :),negatif
1913,@Franken_blues Bnr apa yg dikatAkan oleh mahasiswa indonesia gelap .ditambah lagi kasus pertamina semangkin panjang ketidakpastian di indonesia..,negatif
1914,@Metro_TV Selama menteri2nya bukan hasil dr meritokrasi semua gelap indonesia yg sekarang lebih byk dikelola bukan dengan orang terbaik alias kedekatan politik dan balasbudi.,negatif
1915,Indonesia makin gelap #TolakPSNPIK2 #IndonesiaGelap,negatif
1916,@ARSIPAJA Halah orang sekarang aja udah Indonesia gelap. Selama bapak berguru sama Jokowi udahlah sama aja kita menuju jurang,negatif
1917,@republikaonline Jawaban dirut pertamina ini salah satu indikasi INDONESIA GELAP pak @luhut_binsar,negatif
1918,Indonesia Gelap https://t.co/QVwYnN3IBk,negatif
1919,Indonesia Gelap https://t.co/TshoyPN59X,negatif
1920,@tempodotco Tapi boong karena pas dikoreksi jawabnya cuma nye nye nye ndasmu sama ngetawain gerakan indonesia gelap. Soeharto versi kw dalam segala aspek,negatif
1921,Iya persis seperti monster &amp; tempat gelap yg ampuh untuk mengontrol anak2 supaya tidak nakal. Para penguasa kuno yg dulunya hanya jagoan kampung mulai berpikir Hmm kalau saya ngaku titisan dewa pasti semua orang akan nurut! .,negatif
1922,Kepercayaan ini awalnya sederhana seperti anak kecil yg takut gelap atau percaya ada Monster Inc monster yg mengumpulkan energi ketakutan. Akan tetapi lama-kelamaan kok malah bisa dijadikan alat ampuh untuk mengontrol manusia?,negatif
1923,@regar_op0sisi Yang liat indonesia gelap itu siapa? Kata pak @prabowo,negatif
1924,Waspada aksi provokatif bertajuk Indonesia gelap yang diusung ileh kelompok kepentingan tertentu https://t.co/2BsP9WeRiU,negatif
1925,@irwndfrry INDONESIA GELAP,negatif
1926,@ChocoPinkGirl @Kopi82197082 @N0v44ndr1 @narkosun Kabur aja dulu itu berarti punya uang dong. Sabar dikit Napa... Indonesia gelap Kita maunya juga Indonesia terang tapi pilihan kita kalah. Masak mau mutung gak boleh gitu.... Sabar dulu lah boskuu...,negatif
1927,@Naz_lira Terus dengan pede bilang indonesia ngga gelap anjeeer,negatif
1928,@RagilSemar Kepemimpinan anda yg membuat Indonesia jadi gelap,negatif
1929,@mas_veel Negara dgn Ekonomi terbesar belum tentu terkuat ... Banyak kok negara tidak besar perekonomiannya tetapi negara itu terkuat perekonomiannya Jadi jangan senang bangga dengan sebutan Negara terbesar perekonomian Makanya INDONESIA GELAP bisa se waktu2 terjadi ....,negatif
1930,@mas_veel Mrk mah Sebelum bapaknya sendiri yg jd Presiden Negara ini Mrk Akan selalu merasa Kalo Indonesia itu Ga baik2 Saja dan Gelap,negatif
1931,Tak lama lagi di Ramadhan nanti Magrib akan memberi pelajaran: bahkan gelap pun bisa menjadi kebahagiaan jika kita telah menunaikan ketaatan jika kita telah menempuh perjuangan. - Ustadz Salim A. Fillah #berdakwahdengankarya https://t.co/gVyVcIPesB,positif
1932,@sayid__machmoed @awesomeposted Terimakasih sudah ada PENCERAHAN dari ahlinya ahli. Biar kondisi indonesia ajah yg #gelap,negatif
1933,Tom Hardy dapet misi buat nyelametin anak seorang politisi yang hilang. Siapa sangka semakin diselidikin semakin banyak konspirasi gelap yang terungkap! Tandain film action HAVOC tayang 25 April di Netflix. https://t.co/j8Vv2pPuBu,netral
1934,pertamina ni pengalihan isu dr indonesia gelap ga si?,negatif
1935,@tanyakanrl Normal bgt malah kenalanku 13 tahun 175,netral
1936,Kau yang gelap bukan Indonesia https://t.co/GWuiUXmZK8,?
1937,Media di bungkam sama orang kaya yang terjun di politik. Keadaan yang sama kayak negara kita. Ketika demo Indonesia Gelap dimana-mana media seakan diam :),negatif
1938,[REAL TIME ALL-KILL] INDONESIA GELAP 14.00 PM KST Update: #1 KORUPSI TIMAH Rp. 300T(=) #1 KORUPSI DUTA PALMA Rp.41 9T(=) #1 KORUPSI PERTAMINA MINYAK MENTAH (+1) Rp. 968 5T *NEW PEAK*🆕🆕🆕🆕 #1 BTS 4G Kominfo Rp.8T (=),negatif
1939,Parahnya lagi para tersangka mengubah RON 88 yang dulu standar BBM jenis Premium dilebeli Pertamax RON 92. Negeri para Tipu-tipu Ndasmu Indonesia Gelap https://t.co/xHlXFOB3rF,negatif
1940,Aksi Indonesia Gelap Kritisi Efisiensi Anggaran https://t.co/beGwvi9gCd,netral
1941,@mas_veel Ini versi XOAX. Indokator perekonomian indonesia gelap. Hutang bertambah faktor produksi tidak bisa menunjang produktifitas indeks demokrasi dan korupsi tidak membaik. Terpilihnya nominasi ke 2 Koruptor terbesar dunia. Angka kemiskinan dan pengangguran bertambah. https://t.co/cGobJ01Bci,negatif
1942,Mahasiswa Turun ke Jalan: Harapan bagi Demokrasi Indonesia yang Gelap Baca selengkapnya di https://t.co/O5iElEWgC9 Informasi selengkapnya silakan hubungi kontak melalui: Instagram : @ultimagz YouTube : @ultimagz X: @ultimagz Salam Deadline! ________ ULTIMAGZ,netral
1943,@dokiboet Ya iya lah gimna ga terang2an skrg kan indonesia gelap,negatif
1944,@CNNIndonesia Sekelas mentri solusi anak sd parahhh. Indonesia gelap,negatif
1945,SERUAN AKSI INDONESIA GELAP BUKAN GERAKAN MURNI TETAPI ADA KELOMPOK YANG BERKEPENTINGAN MENUNGGANGI AKSI TERSEBUT!! https://t.co/uH48cKiDxR,negatif
1946,WASPADA AKSI PROVOKATIF BERTAJUK INDONESIA GELAP YANG DIUSUNG OLEH KELOMPOK KEPENTINGAN TERTENTU! https://t.co/shB1J0vNQh,negatif
1947,Counter Attack Indonesia Gelap Indonesia Terang katanya https://t.co/mPWSJVb4nb,netral
1948,Tutup Sritex Sanken dan Yamaha ini khan bisa jadi indikator Indonesia Gelap. Daya beli menurun kualitas SDM menurun pungutan liar dan sentimen korupsi khan membuat prospek ekonomi mengkhawatirkan. Itu dari sisi ekonomi. Dari politik juga sangat terasa.,negatif
1949,Nah kan GA GELAP gimana Indonesia 🇮🇩??! Buta dan Tuli aja mata Loe (Pejabat &amp; Fansboy) yang bilang Indonesia baek² Saja. Matamu...!!!,negatif
1950,@kompascom Selamat pak timing rilis beritanya pas banget buat redam berita danantara dan indonesia gelap. Oh iya kalo mau bersihin sampe ke pejabat2 di belakangnya ya!,negatif
1951,Puan $500.000 Pramono $500.000 Salah satu alasan DPR tolak RUU Sita Aset. Kemana mahasiswa yang kemaren teriak-teriak Indonesia Gelap??? https://t.co/MoNOEBQ59N,negatif
1952,@Tan_Mar3M Apapun pertanyaannya algoritmanya adalah: - tidak ada visi selain visi presiden - pak presiden titip salam - saya titip nganu - semoga sehat-sehat semuanya - kalau ada apa-apa kabari Siapa bilang Indonesia gelap ? Muka elu yang gelap !!! https://t.co/1lCRxCTHD6,negatif
1953,Ayo bangkit ..lawan Indonesia Gelap️🇮🇩 https://t.co/cRehn5NCzc,negatif
1954,Waspada aksi provokatif bertanjuk indonesia gelap https://t.co/RaGjIe1xU3,negatif
1955,Gelap banget indonesia banyak koruptor mana hukum tumpul di negara ini.,negatif
1956,@tempodotco Main bola saja @KPK_RI tak mampu apalagi jemput bola. Mengurus laporan publik saja KPK tak mampu apalagi memberantas korupsi. Dahlah... Bagaimana Indonesia bisa terang kalau KPK saja gelap begini Pak @prabowo @bang_dasco @DPR_RI ? https://t.co/UFYob8s9JF,negatif
1957,Investasi di IDX makin tenggelam. Dan kakek-kakek boomers itu masih denial kalau Indonesia gelap wkwkwk.,negatif
1958,@neVerAl0nely nah lagi konflik internal. indonesia gelap bener ya. omon omon lah ini kepala2nya.,negatif
1959,Indonesia bukan ga punya uang. manusia di pemerintahannya tuh yang maruk. 968T mending buat bayar utang atau apa kek. jdi ga bebanin rakyat mulu dengan pajak naik. yang gelap bukan Indonesia tapi bahlil,negatif
1960,@CNNIndonesia Indonesia GELAP,negatif
1961,@mdngtmunchies Tololnya presiden paling tolol sempat bilang koruptor mau dimaafin. Udh gelap bgt indonesia benerrr. Org setolol itu mimpin negara ini,negatif
1962,@txtdrimedia INDONESIA GELAP,negatif
1963,@kompascom Masih ga percaya Indonesia gelap pak ?,negatif
1964,kata siapa indonesia gelap kata NDASMU....,negatif
1965,@ilhampid INDONESIA GELAP GULITA,negatif
1966,Beberapa sentimen saham: 1. Pemerintah bikin Danantara 2. Demo Indonesia Gelap 3. Hashim bilang bank HImbara 'ditugaskan' untuk kasih pendanaan program 3 juta rumah. Bahasa ditugaskan ini kadang bermakna nggak enak 4. Trump mau kebut tarif Kanada dan Meksiko,negatif
1967,@elsaday__ Kata Wowo : pokoknya INDONESIA TERANG bukan INDONESIA GELAP Ndanmu,negatif
1968,@mzainefendy Sabar pak indonesia semakin gelap dan mencemaskan,negatif
1969,gacuma indonesia yg gelap barusan watugong juga gelap 2 jam️,negatif
1970,@Treboll155754 @Duckyouid tu org status nya dh nikah apa belum? kalo masih sekolh gimana? org' kaya gitu klo di biarin malah jdi sampah negara dh tau ni negara isinya ngw di luar nikah selingkuh kdrt pelechan pemerkosaan tikus dimana' boro' mau jadi indonesia emas gelap sdm nya pada begitu dh,negatif
1971,Indonesia gelap Kata siapa? Itu Kata elu? -kasus korupsi pertamina hampir 1000 triliun - 3 pabrik siap siap phk 4.050 pekerja. https://t.co/5T2BZYE379,negatif
1972,Dampak kasus korupsi di Pertamina kerugian negara mencapai Rp 968 Triliun akibat Pertamax oplosan. POM BBM swasta jadi ramai dan antri. Indonesia Gelap https://t.co/Elfmb3xheT,negatif
1973,@Naz_lira BANGSAT BANGSA yg selalu dilindungi dgn argumen busuk para atasan nya... Bnr² gelap Indonesia dr 10 tahun lalu..Tae Tae,negatif
1974,@faizalassegaf Kalau ini murni pemberantasan korupsi OK. Tapi kalau ini hanya akal2an Jokowi untuk gantikan Petra dengan perusahaan atas nama Bobby atau kroni Indonesia gelap #JokowiPredatorKorup #JokowiPredatorKorup,negatif
1975,@txtdrimedia Indonesia gelap @prabowo,negatif
1976,@Metro_TV Indonesia gelap para malingnya masih ada di lingkungan istana!! Ga ada niat memberantas korupsi hanya Omon-omon hidup Jokowi,negatif
1977,@Boediantar4 Manusia ini juga penyebab Indonesia gelap https://t.co/C6iGtHS5r1,negatif
1978,@tanyarlfes Hashtag bombastis aksi cuma karnaval. Sdh tahapan hopeless dgn aksi mahasiswa atau pemuda. Kartu kuning raport merah peringatan darurat Indonesia gelap dll lbh merupakan gimik ala pengamat politik. Tdk ada militansi apalagi revolusioner cuma hiburan musiman. https://t.co/5Scj9O2A2t,negatif
1979,Semua harus disesuaikan https://t.co/zqDD0qq3TK,netral
1980,Mentri paling tolol aneh nya di jadi pengelola republik Visi indinesia emas 2045 Eh yg terjadi indonesia gelap,negatif
1981,@WidasSatyo Setuju direktur sudah menjelaskan ini penambahan aditif bukan oplos kaya oplosan dipinggiran jalan. Penyalahgunaan mungkin ada tapi ga separah itu. Pengalihan isu danantara kayanya sama Indonesia gelap.,negatif
1982,Bangun orang Waras jangan tersesat oleh buzzer bangsat dan narasi sesat agar kalian lupa siapa Mulyono terkorup OCCRP indonesia gelap. Bangun orang waras Methosa Band https://t.co/Npry1YKkmC,negatif
1983,Kayak gini kok bisa-bisanya masih ada yang bilang Indonesia gak gelap. https://t.co/pqzyGUPKDH,negatif
1984,Masih mau blg indonesia ga gelap? #IndonesiaGelap #IndonesiaGelapGulita,negatif
1985,@Ndrewstjan Nah kan anda akui Indonesia gelap,negatif
1986,BEASISWA LPDP YANG TIDAK TEPAT SASARAN #3 LPDP adalah Beasiswa yang jarang terdengar bagi telinga orang² miskin Indonesia. Orang miskin hanya familiar dengan KIPK KIP KJP Rata-rata penerima LPDP adalah orang mampu bahkan sangat mampu. Ini yang membuat Indonesia Gelap juga. https://t.co/arzvyzIGYY,?
1987,Indonesia Gelap? https://t.co/E1JjgAYKqr,negatif
1988,NKRI Negara Kesatuan Republik IBLIS #Indonesia_Gelap https://t.co/i2G1cO036N,negatif
1989,@liaasister @prabowo @gibran_tweet indonesia gelap untuk semua lapisan rakyat menengah ya pak yang berdiri sendiri untuk kehidupan mereka. tapi pemerintah hobi nya mempersulit prosesnya,negatif
1990,@tetestuang INDONESIA GELAP https://t.co/I7qSGnuSEA,negatif
1991,Kesambet Indonesia Formed 2016 Black 2016 Sedulur Gentayangan 2018 Aura Mistis Tanah Jawi 2018 Sisi Gelap 2020 Suram 2021 Altar Suci Persembahan https://t.co/mtuy49p9oy,netral
1992,Yg kayak gini katanya Indonesia ga gelap? Semakin ga beres aja para petingginya #IndonesiaGelap #IndonesiaGelapGulita #IndonesiaGelap2025,negatif
1993,ini pd beneran mikir gini apa gmn sih kelam bgt indonesia bukan gelap lg https://t.co/IQk3j9Pkws,negatif
1994,@muwihabe @nino_thoriq @merapi_uncover yo wes nasib... indonesia tambah gelap,negatif
1995,@Bara__Akbar @mas_veel Kalau loe maunya Indonesia gelap mending gw jd gila krn Indonesia ttp akan cerah,positif
1996,@khasdani @mas_veel Ooo gitu.. Intinya kamu ingin Indonesia gelap yaa... Siapa di sini yg g bener,negatif
1997,🇮🇩 BUKTI NYATA INDONESIA GELAP Bukti Indonesia Gelap #1 Ketika banyak umat muslim di Indonesia masih susah payah mencari sesuap makan Tokoh agama bahkan Ormas Agama di Indonesia sangat semangat memberi Donasi keluar negeri. https://t.co/QdLii7QKpj,negatif
1998,Orang2 yg bilang Indonesia gelap dan mau kabur aja seolah2 hidup di LN itu pasti lebh baik rata2 di Indonesia hidupnya miskin pendidikan rendah bodoh gk mampu bersaing &amp; gk pernah hidup di LN sebelumnya. Kl yg pernah hidup di LN pasti tau setiap negara itu ada plus minus nya.,negatif
1999,@astrop4d Masih lamaan project drama gue,netral
2000,duit pajak gue gak iklas demi allah indonesia semakin gelap,negatif
2001,@Ndrewstjan Orang2 yg bilang Indonesia gelap dan mau kabur aja seolah2 hidup di LN itu lebh baik rata2 di Indonesia hidupnya miskin pendidikan rendah bodoh gk mampu bersaing dan gk pernah hidup di LN sebelumnya. Klo yg pernah hidup di LN Pasti tau setiap negara itu ada plus minus nya.,negatif
2002,@TOM5helby @Kemenperin_RI Investor pada kabur sebab Takut pada Sikon hari ini Dan kedepannya Indonesia Gelap .,negatif
2003,ternyata indonesia gelap nggk cuma berdampak buat negara dan rakyat efek negatifnya kena juga anjai ke yg lainnya,negatif
2004,@Hilmi28 Lah tadz. Gimana mau jera mantan napi koruptor aja masih di kasih jabatan..... Indonesia makin gelap gulita aja....,negatif
2005,berdampak langsung bagi para aktifis mahasiswa yang karir politik masa depannya mulai terancam uang saku yang turun dari partai2 juga mungkin bisa berkurang. jadilah isu indonesia gelap. lalu sebagai opportunis termasuk saya juga pesti menggaungkan kaburaja dulu karena,negatif
2006,Indonesia Gelap: Mahasiswa vs Presiden https://t.co/jTI50UFvBj,netral
2007,Indonesia Gelap: Mahasiswa vs Presiden https://t.co/NuU4NZC5dX,netral
2008,@sbsbzbz31 @bcsoetta @beacukaiRI Demo aja demoin becuk,negatif
2009,Kembang Kuburan Indonesia Formed 2002 Gothic 2023 Merindukan Gelap Kembang Kuburan means Cemetery Flowers in Indonesian. https://t.co/dmMGE3PN9q,netral
2010,@akbarfaizal68 @erickthohir Gak salah Indonesia Gelap 2030 Indonesia bubar Nauzubillah....,negatif
2011,@BosPurwa Antar instansi negara saling serang ngerasa punya kuasa atas negara ini.... indonesia gelap,negatif
2012,kasus pertamina ini nutupin perkara danantara dan indonesia gelap ya,negatif
2013,@rengcge @tanyakanrl kopi jg bikin lancar... knp harus pepaya...,netral
2014,@BilanganGanjil @Franken_blues Apapun masalahnya pokoknya berani ga demo ruu perampasan aset lo baca gasih tuntutan demo indonesia gelap kemaren?,negatif
2015,@KangManto123 Gelap banget indonesia bila omongan pejabat pemerintahan tdk bisa dipercaya...,negatif
2016,@aman_dolok55384 Saya juga berpikir demikian bahkan sebelum 2035 sudah Ancur - Kegelapan sudah mulai menyelimuti Bangsa Indonesia 10 tahun terakhir ditambah gelap lagi munculnya Putusan MK 90 dan ditambah Teriakan Hidup Jokowi yang menggema dari Mulut mas Broo @prabowo #hening,negatif
2017,Kerugian negara sebesar itu dan bapak bapak itu bilang indonesia gak gelap??,negatif
2018,Indonesia gelap Yakin? @prabowo selama Indonesia masih bisa memberi bantuan ke gaza dari uang Zakat Selama itu juga program efisiensi harus berjalan dan harus ditambah lagi efisiensi tersebut. @Gerindra @PDemokrat https://t.co/ILRtxWG4FM,?
2019,Indonesia gelap. Kehidupan rakyat gelap. Hanya pejabatnya yg terang. Makanya marah-marah kalau dibilang gelap.,negatif
2020,@Ndrewstjan Mrk gelap...tp pjbt nya bnr2 bkerja koruptor bneran takut...indonesia gelap ya wjr...pjbtnya doyan gimmik...pansos...korupsi...mlih pmimpin jg bner...tnp dibntu bansos...kg butuh influenzer buwat nyebokin bobroknya pmerinth...katro luw..,negatif
2021,@kirarance Isi liriknya sih memang Indonesia Gelap siiiiiih...,negatif
2022,@squishgy indonesia gelap bray,negatif
2023,Gilaaa sih Indonesia bener2 gelap! Udh muak sama kelakuan semua pejabat&amp; aparat di Ind include Presiden &amp; Wapresnya. Gaji besar ga jamin mrk ga akan korupsi.Rakyatnya jg bodoh kegoda sm bansos. Gua jamin kalo bobrok terus pejabatnya sebelum 2030 Indonesia pasti bubar!,negatif
2024,@tanyarlfes Ya emang siapa yg liat Indonesia gelap? itu cuman orang bayaran wkwk,negatif
2025,Jangan jangan doi sebenarnya sedang satire hee elu kemarin demo Indonesia gelap tapi lupa gmn cara elit berkerja. Sekarang apa? Banyak agenda ngelantur lahir kan.. Makanya elaborasi elaborasi biar ndk lupa...,negatif
2026,@Boys4O5 @gibran_tweet Iya ka. Org itu momen pilpres kn ya wktu itu PKS usung Anies sy Anak Abah ya otomatis milih PKS. Terlepas skrg PKS gatau kyk gmn. Sy rasa clear.,negatif
2027,@fuxkdatb Satu foto mengubah segalanya...,netral
2028,Auk ahhh...Indonesia makin gelap suram.. mana itu Gibran fufufafa @gibran_tweet katanya janji buka 19 juta lapangan kerja . Wapres Gedabrus Podo Karo @jokowi,negatif
2029,Apakah Indonesia Gelap? #IndonesiaGelap,?
2030,@kegblgnunfaedh Memang BAHLIL pintar? diakan dibawah IP 2.8 dia yg penting menteri dan KETUM GOLKAR semua menteri hanya mendengar kan tdk turun kelapangan maka MAHASISWA MENGATAKAN INDONESIA GELAP ( KORUPSI PAGAR LAUT DLL ),negatif
2031,@TOM5helby @Kemenperin_RI SEMAKIN TERANG INDONESIA DIMATA PEMERINTAH .. YANG MEMANG TIDAK PEDULI THD NASIB DAN SISI GELAP RAKYATNYA.. .. TAK ADA PERLINDUNGAN DARI NEGARA UNTUK MENJAMIN KETERSEDIAAN LAPANGAN KERJA BAGI MASYARAKAT.,negatif
2032,@jawashitpost Indonesia menjadi gelap karena banyak aparatur negara yg gak amanah dan menjadi maling uang dan harta negara,negatif
2033,@awemany Utang ugal-ugalan jaman joker efisiensi anggaran buat bayar utang jaman prab yg didemo Indonesia gelap tetap prab. Yang bancakan BUMN sampai pada bangkrut jaman joker danantara untuk menampung laba BUMN biar gak diperebutkan jaman prab yg didemo Indonesia gelap tetap prab.,negatif
2034,@gigihprytn Emang tusut ada yang gelap ya? Wkwkkwwk kan yang gelap mah Indonesia,negatif
2035,@DS_yantie Indonesia nggak gelap yang gelap itu kalian kata pejabatnya yang kaya raya itu.,negatif
2036,setelah Indonesia gelap terbitlah formula 1 gelap,negatif
2037,Indonesia nggak gelap yang gelap itu kalian Kata pejabatnya yang kaya raya itu.,negatif
2038,@DoankWarto Selama bapak ini masih bebas INDONESIA akan semakin gelap,negatif
2039,@FayaAtika @prabowo Wkwkwkw anda lupa bicara Indonesia bubar diri anda sendiri.yang lihat Indonesia gelap.kalau anda masih di kelilingi tikus koruptor.indonesia Gela pak.mana simbol.macam asia.adanya kucing kampung sekarang wkwkkwkwkw,negatif
2040,@Boediantar4 @prabowo @KemenBUMN @KementerianESDM Indonesia emas NDAS MU. U pada aja nipu rakyat bangsat. Indonesia gelap itu nyata. Asu u semua,negatif
2041,@NenkMonica Di bilang Indonesia Gelap ga mau tapi kaya begini negara nya,negatif
2042,@OneLove4Human ini baru Indonesia Gelap nama nya.... Kapan para mahasiswa demo menuntut hukuman mati buat para penjahat negara yg terang2an menipu seluruh rakyat demi isi perut mereka,negatif
2043,@akbarfaizal68 @erickthohir Indonesia makin Gelap........,negatif
2044,Segera Terbit: Di Balik Kontroversi Xinjiang Catatan Perjalanan Wartawan Indonesia Mengungkap Fakta di Lorong Gelap Kamp Vokasi Uighur https://t.co/vBMwOT2iJL,netral
2045,@deddysitorus Sudah seperti ini Presiden masih bilang Endaaasmu ketika Mahasiswanya teriak Indonesia Gelap. Indonesia Negara Ekonomi no 4 di dunia nanti kata beliau Endaaasmu kata tukang ojek ! Pertalite aja di oplos jadi Pertamax utk korupsi Di negara Menterinya sdh pasti mengundurkan diri https://t.co/55aSuiKyBl,negatif
2046,@nu_online Wah keren banget ya ibu-ibu yang ikut berpartisipasi dalam demo 'Indonesia Gelap'! Semangat terus!,negatif
2047,Terus si wowo dengan entengnya bilang Yang melihat Indonesia gelap itu siapa? bukan rabun lagi ini mah.,negatif
2048,@tanyarlfes Korupsi dimana mana emg bkin Indonesia gak gelap? gmna sih pak,negatif
2049,INDONESIA GELAP https://t.co/UN7XhD3tKy,negatif
2050,Yang satu ngomong dgn berapi-api prediksi Indonesia Bubar thn 2030 satunya lagi dgn nada heran menanggapin Kok Indonesia Gelap???.. Mbuhlah https://t.co/xkAcY5SEsU,negatif
2051,@HenryJ4ck @irwndfrry Mampus!,negatif
2052,@kegblgnunfaedh Gimana tidak Indonesia gelap menteri nya sja seperti ini????,negatif
2053,Meskinya undang Prabowo agr bisa mendapatkan edukasi dan pencerahan terhadap situasi Indonesia yang masuk dalam zona gelap. https://t.co/H7Pbnp2SSx,negatif
2054,@deddysitorus Gini gak boleh dibilang Indonesia gelap mw dibilang apalagi coba amati gestur bos saat dia bilang Indonesia gelap,negatif
2055,@Widino Sekelas gibran aja menang jadi wapres. Mengharap apa ama rakyat bodoh ini.,negatif
2056,@Pasar_Gambir99 @tekarok007 @RenggaM37684672 Ya tidak framing namanya mengkaitkan demo Indonesia gelap dengan dugem,negatif
2057,Kalau tuhan saja kau berani bohongi apa lagi rakyat Indonesia. Kau hanya takut bila tak ada jabatan Ingat Dan ingat Dosa mu didepan mata Begitu juga dengan tangung jawab kau ditempat yang gelap siapa yang akan membatu mu hai Bahlil. Bertobat sebelum terlambat.,negatif
2058,@ravenistsai Indonesia gelap F1 gelap,negatif
2059,Hmm... Tercium upaya pengalihan isu menjelang Ramadan untuk kasus Indonesia Gelap Danantara dan Pertamax..... Guys better jangan kasih atensi kepada tweet-tweet kayak gini ya. Tetap fokus berisik pada tuntutan yang belum dikabulkan oleh pemerintah tidak tau diri. https://t.co/I0tY8Sw919,negatif
2060,Kalo kemaren peringatan darutat dan indonesia gelap belum cukup buat nyenggol kelas menengah ke atas moga skandal korupsi pertamina ini cukup untuk bikin mereka marah dan bergerak,negatif
2061,@ARSIPAJA Lama lagi itu pak president kita skrg lihat Indonesia sedang gelap.. biar kata ada istlah habis gelap terbitlah terang tapi skrg Indonesia sedang gelap di pinpin oleh bapak.. 2050 terang jelas bukan bapak lagi yang pimpin,negatif
2062,@tanyarlfes beneran Indonesia gelap,negatif
2063,Korupsi segini masih dikatakan Indonesia tidak gelap? Bener sih nggak gelap tapi gelap gulita. #indonesiagelap https://t.co/U7bUn3szGn,negatif
2064,@Dandhy_Laksono Yang lucu itu terpidana dan udah menjabat 2 periode kog KPU dan BAWASLU nya ndag tau??? Dasar pekok makan gaji buta... indonesia memang gelap disegala bidang...,negatif
2065,Di Konoha benarkah Mataharinya ada dua Nauzubillah... Tetapi mengapa jadi Indonesia gelap ? Benarkah Pak Wowo Tunduk ke Jokoun ini ..? Di mana martabat Pak Wowo Sebagai Jendral besar dulu ? #JokowiPawangPrabowo #DanantaraKonspirasiJahat https://t.co/DT029ZL5Hg,negatif
2066,.. Persekutuan keduanya memicu aksi massa mahasiswa Indonesia gelap .. Iya ada berasap ubun²nya &amp; langsung memperalat massa termasuk mahasiswa utk demo. Tagar pula dimuncul²in di medsos,negatif
2067,@msaid_didu Emang harus ada pion buat jagain raja. Tumbalin satu buat tutup Indonesia gelap. Besok2 jga paling dah keliaran lgi mreka.,negatif
2068,@spacepiquant @tilehopper @BudiBukanIntel @jackjackparrr @DivHumas_Polri @ahriesonta @ListyoSigitP @DitjenPajakRI @kring_pajak Mereka itu sudah tahu semua. TIDAK PERLU DIBERI TAHU Kita orang Indonesia terlalu sabar/bodoh. FIX INDONESIA GELAP https://t.co/cjMfGVnP6V,negatif
2069,@Abaaah gini amat branding si agus..saking gelap nya indonesia yang keliatan b aja bisa bagus yaak,negatif
2070,@sudirmansaid Ketika pak Prabowo mengomentari setiap masalah negeri mulai dari kabinet gemuk adili jokowi aparat hukum koropsi dll. Sepertinya langsung dijawab oleh rakyat dgn berbagai macam aksi sebagai petunjuk bahwa indonesia memang gelap. Nyalakan dgn kerja kurangi berbicara.,negatif
2071,@iqsalasqi Aku udah dari Minggu lalu TL isinya kabur Indonesia gelap presiden ngelawak MBG wkwkwk,negatif
2072,@alisyarief Siapa bilang Indonesia Gelap??,positif
2073,@Bisniscom Indonesia Tidak Gelap,positif
2074,Mana abis lulus Indonesia gelap taik,negatif
2075,@vyeimo83 okelah demo soal indonesia gelap mereka sendiri bahkan presiden gak mengaggap ini demo besar di papua apakah mereka melihatnya sebagai kenyataan atau fiksi? apa tetap tutup mata,negatif
2076,@Tita83079013 tp kata pak prabowo indonesia gak gelap yg gelap itu kamu,negatif
2077,nasib banget tinggal di pedalaman yang cuma bisa pake si merah tai kucing. Indo ni pejabatnya pada punya tiket exc ke neraka bejirr. Masing-masing ada satu rebutan jadi yang paling BABI dari pada BABI nya sendiri. BENERAN RIL INDONESIA GELAP,negatif
2078,@tanyarlfes Gelapp pak. Kami beli Pertamax demi mendukung Pemerintah tapi isinya Pertalite. Masih nggak sadar kalau Indonesia Gelap??,negatif
2079,@akbarfaizal68 @erickthohir Sebelum pilkada dimulai waktu itu saya sudah merasahkan Indonesia gelap ketika RUU Pilpres diubah seenak oleh satu keluarga!!,negatif
2080,@kompascom Benar benar gelap Indonesia,negatif
2081,@Jayabay19479190 Tuh pak @prabowo Jadilah kembali seperti foto kiri itu Kalo foto kanan itu indonesia gelap terus ekonomi turun terus kerusuhan besar terus reformasi lagi,negatif
2082,jujur ga perna niat beli panci listrik soalnya kek di kost ada kompor yang yang wicis lebi murah dan cepet gt tp berhubung indonesia ni dah gelap benerr bener macem vanta black sepertinya gue harus mulai mempertimbangkan panci listrik ini,negatif
2083,@Franken_blues Apakah jelas' korupsinya dari zaman jokowi kemana aja selama ini lagian apa hubungannya sama mahasiswa sah kan itu UU perampasan aset kan betul demo kemarin Indonesia gelap gelap karena semua pejabat korupsi,negatif
2084,ini perusahaan mau ngikutin jejak indonesia gelap kah buset,negatif
2085,kata temenku selagi aku bisa makan enak scroll tiktok berati Indonesia gak gelap. STATEMENT YANG SANGAT TONE DEAF SIAL,negatif
2086,Selamat kalian punya presiden the real ga napak tanah. Demo Indonesia Gelap kemarin dijadiin bahan tertawaan dia dan orang² uang hadir. Udah geleng² sih gua lihatnya. Pantes banyak yg remehin demo di Indonesia lah wong presidennya gitu,negatif
2087,@mas_veel Kamu banggakan proyeksi 25 tahun yg akan datang sedangkan mulyono wowo yg bikin indonesia gelap sekarang tetap kamu sembah2 Dasar buzzer koplak.,negatif
2088,Setelah 300T muncul 193T Indonesia saat ini sungguh r e d f l a g Mengasihani diri karena wni. Riil gelap gulita!,negatif
2089,@PapiUcit Indonesia gelap,negatif
2090,kyknya dr ngampus minggu ini yg paling aman cm hari selasa deh no tugas no sakit punggung no hujan just chit chat w frens dan mamam seblak kemudian yeay,netral
2091,@Nobody_2811 @new_Annisa1193 Indonesia gelap gulita,negatif
2092,Indonesia makin gelap https://t.co/hyjGYyp500,negatif
2093,Lanjutkan hingga para penghianat yang telah menjadikan Indonesia gelap itu tersentuh hukum. Supaya Indonesia kembali terang dan lurus menuju cita-cita kemerdekaan Indonesia.,negatif
2094,@didilionrich Asu kalian @DPR_RI Mau kebal hukum?? Knapa sembunyi² ?? Semakin gelap ini negara.. Kita lihat 2030 masih ada enggak indonesia?? Kami sudah ogah di jaman kegelapan ini. Tuh ron 90 ditambah kapur barus plus pewarna aja dijual jadi pertamax. Padahal per liternya add cuma Rp 300,negatif
2095,trimakasih km selalu ada untuk anak anak soshum seperti saya,netral
2096,kl chatgpt adalah org pasti udh kulamar skrg,netral
2097,Indonesia terang benderang itu hanya untuk para pejabat bagi rakyat pasti gelap gulita. . . . . Ahok Karina Danantara Duren SPBU Pepaya J-HOPE IS COMING Polri. https://t.co/x74G2HeUqR,negatif
2098,indonesia gelap emyu gelap aku gelap,negatif
2099,Temanku ada yang tidak percaya dengan Indonesia Gelap. Setelah berita korupsi ratusan triliun itu dinikmati tujuh orang dia misuh-misuh. Saya jawab: Lemah! Kayak baru kali ini aja~ Setelah itu kita tertawa bareng. Tentu dengan kondisi gula di toples yang tipis. Wkwk,negatif
2100,@muannas_alaidid buat bayar demo Indonesia gelap mahasewa juga butuh uang,negatif
2101,Indonesia Gelap #kaburajadulu,negatif
2102,@UpdateBolabola baggot udh mending berkarir di LN aja Indonesia gelap skrg mah,negatif
2103,#indonesia gelap,negatif
2104,LU PIKIRRRRRR INDONESIA GELAP INI APAAAA KALO BUKAN BENTUK KOREKSI? RAJA KONTRADIKTIF,negatif
2105,INDONESIA GELAP Kondisi seperti Ini yang dimaksud oleh Warga Negara 🇮🇩 berAkal Sehat dengan #IndonesiaGelap itu. Jika Penegakkan Hukumnya hanya Gimmick. |Tersangka korupsi di Pertamina diduga 'oplos' RON 90 jadi Pertamax Apa reaksi pimpinan Pertamina? https://t.co/ASFNl7B4sC,negatif
2106,@endupdreamin @buruhidol @tanyarlfes Jngn cuman ngomong lu bisa apa terlahir di dunia ini? Oh cuma bisa ngadi ngadi ya,netral
2107,@penaikhwan @tanyarlfes Anak abah,negatif
2108,Demo Mahasiswa: Indonesia Gelap 2025 @prabowo : Indonesia Bubar 2030,negatif
2109,Kata pak Staquf Indonesia gak gelap kok...,?
2110,@democrazymedia Rakyat Yang Otaknya Terang Pak Yang Melihat Indonesia Gelap. Jangan Sampai Ketika Bapak Kejeblos Bapak Baru Tahu Bahwa Indonesia Memang Gelap.,negatif
2111,@detikcom Mayoritas penduduk Indonesia itu hanya lulusan SMP. Ya gelap lah... https://t.co/zwAfnZrO5U,negatif
2112,@AlmaghribiS @prabowo Indonesia Gelap Bung. Gelap bagi kaum wabah dan ternakan Banteng.,negatif
2113,@tempodotco itu mahasiswa demo indonesia gelap emangnya dikira lagi pada ngapain paak? pawai menjelang puasa kah?,negatif
2114,eval bsk akan aku terima dngn sepenuh hati seluas samudra indonesia gelap,netral
2115,@PngAdilnR4kyt Bukti Indonesia gak gelap tapi terang.. terang2an korupsi nya,negatif
2116,@Kappa_2023 @iphone7decoco @LWidhiatmoko @mx00711 @agama_nusantara @BayuAngora @PaijoKhentirr @sakkusaitna @Valhallaah @spektrumku @bnsphrxyzzz @RefublikAteis @drhthariq @Sentjoko @ilhampurnama887 @Gitaananta001 @jonnypengacara @filosofiksi @ahmedasarlan meme yg mengada-ada bermunculan sesuatu yg tdk tampil dan semua orang tdk melihat itu.. orang2 mengkuatirkan Indonesia gelap ini akun ngebacot kyk anak kecil,netral
2117,@Sy1fa_Senandika Indonesia gelap,negatif
2118,@detikcom 100 hari aja Indonesia Gelap gimana 4 tahun bisa Indonesia bubar?!,negatif
2119,INDONESIA GELAP DAN TERANG JADI JADI INDONESIA GIMANA ??? https://t.co/TWuz8YH1IE,negatif
2120,@txtfrombrand Lama lama terboycott bumn ini sedang memulai untuk memperbaiki citranya lagi. awal taun kasus efishery pertengahan februari indonesia gelap akhir februari koruptor pertamina. Gue capek bgt buka sosmed,negatif
2121,@PutraFajar95238 @democrazymedia sudah benar klu INDONESIA GELAP GULITA,negatif
2122,@skipberat KARINA BONDOL DITENGAH GEMPURAN INDONESIA GELAP. BJIR LAH KARINA BONDOL PENYEMANGATKU BGT! ️,netral
2123,@jokoanwar Jangan ada yany bilang Indonesia Gelap ndasmu,negatif
2124,@RagilSemar Semakin terang benderang bagaimana mereka bersekongkol.. dan INDONESIA SEMAKIN GELAP,negatif
2125,Ini bener. Temen kerjaku juga gt. Dg bangganya bilang kasus² korup yg terbongkar skrg katanya krna pak pbw. Tapi soal Indonesia gelap dia diam.,?
2126,@sutanmangara Selagi Prabowo dlm Bayang2 Jokowi Jangan harap Hukum tegak lurus Indonesia gelap dlm bayang2 masa depan,negatif
2127,koreksinya gmn bos templatenya @prabowo? biar ga dapet jawaban ndasmu atau denial kek kemaren dituntut 13 tuntutan tanda indonesia gelap malah u ngejek2 rakyat bilang indonesia terang. apa yg demo kemaren kurang rakyat?,negatif
2128,@Adiprayitno_20 Benar juga Indonesia gelap,negatif
2129,@tempodotco lebih tua lebih jelas ijazahnya tapi nyalinya ciut ke si korup Jokowi. Indonesia benar2 sudah gelap.,negatif
2130,@tanyarlfes Eh kata gue indonesia ini serius mau dibawa kmna dahh...MAKIN GELAP AJA YA TUHAN,negatif
2131,@akbarfaizal68 @erickthohir Tagar indonesia gelap makin terbukti dulu kasus korupsi mainnya masih miliyran sekarang udah triliunan bahkan ratusan triliun. Ini harusnya hukuman mati nggak sih persetan dengan ham. Koruptor itu bukan manusia tapi binatang. Buat @prabowo tolong keluarin perpu perampasan aset,negatif
2132,https://t.co/JHyTZdT51o Badan Eksekutif Mahasiswa (BEM) Universitas Sultan Ageng Tirtayasa (Untirta) telah menyelenggarakan kegiatan mimbar bebas bertajuk Indonesia Gelap: Program Prioritas Rakyat Tertindas di Fakultas Keguruan dan.... Selengkapnya : https://t.co/xECYAEKAL2 https://t.co/uOYQCvpVlY,netral
2133,i have one friend yg bokapnya tentara dan sering di miripin sama prabowo dan BANGGA udah gitu pas kemarin lagi chaos Indonesia gelap si anjg malah nge post sg bilang mood booster dia konten prabowo ama si bobby MONYET,negatif
2134,Beneran indonesia gelap gulita,negatif
2135,INDONESIA GELAP Bgt gaada cerahnya,negatif
2136,@tempodotco Kabinet gemuk elu bilang ndasmu didemo indonesia gelap elu nyinyir galap apanya.....terus gw harus percaya gtu sama kelakuan elu hahaha,negatif
2137,@hammsqi Udah terang²an kekayaan mereka gak masuk akal sumbernya dari mana tdk diusut badan anti rasuah krn sdh mandul. Presiden penyembah Jokowi itu masih bilang indonesia tidak gelap.,negatif
2138,Paradokser Berkata.. Indonesia Bubar 2030! Di 2025 Paradokser Berkata.. Yang Melihat Indonesia Gelap Itu Siapa? Au Akh Helap! https://t.co/Dot3OXGJ1J,negatif
2139,@cbstacle Indonesia gelap,negatif
2140,@MudahLaparr @Yurissa_Samosir @prabowo makanya berasa besar dikolamnya sendiri dengan omongan sampahnya tapi waktu didatengin rakyat gak mau keluar gimana mau lihat Indonesia gelap kalau dia ngumpulnya dikandang sendiri yang ngerasain semua kebijakan ngawurnya kan rakyat,negatif
2141,Udah banyak yang demo tentang program dan kebijakannya pengguna pertamax malah ditipu mbg bikin keracunan kebijakan efisiensi malah jadi motong fasilitas penunjang pendidikan dan masih ada yang bilang indonesia lagi gak kenapa-napa indonesia gelap yg liat siapa?,negatif
2142,@mediaindonesia Pastinya gerombolan yang bilang INDONESIA GELAP itu adalah mereka yang gelap di pemerintahan. Karena banyak kongsi maupun kadernya yang masuk RUANGAN GELAP. HASTO ...... Gelap atau terang kau lihat ? OTAKMU itu terasa gelap atau terang ?,negatif
2143,@tempodotco dikoreksi kabinet gemuk juga bilangnya gemuk-gemuk ndasmu ... dikoreksi 'indonesia gelap' jg gak meras padahal sdh ribuan mahasiswa dan masyarakat sipil yg bicara... mo koreksi model apa pak? @Gerindra,negatif
2144,@democrazymedia Yaaah ternyata jauh dari harapan seorang prab gak mampu jadi presiden. Tunduk ke sang master of puppet si mulyono... Dah ya bener indonesia gelap...,negatif
2145,@tijabar Indonesia gelap kabur aja duluu. Busyetttttt,negatif
2146,Emang Kita rakyat bisa cek itu asli atau oplosan .. Indonesia gelap semua dikorupsi.Kita rakyat patut dapat ganti rugi atas penipuan ini..dan penjahat pengoplos dihukum seberat-beratnya..hukuman seumur hidup.,negatif
2147,Indonesia Kapan ngga gelap ? https://t.co/ywuL5t8nPK,negatif
2148,Kemarin Demo indonesia gelap itu juga bagian dari KOREKSI pak @prabowo tapi buzzer buzzer pemerintah dan buzzer partai koalisi anda malah bikin RUWET https://t.co/6LNPu5WxN7,negatif
2149,@Mdy_Asmara1701 Tenaga pendidik aja NGIBUL pas banget Indonesia gelap,negatif
2150,. . Laahhh .. Kemaren Demo Indonesia Gelap sebanyak itu Orang lagi NGOREKSI Bapak ga kliatan gituh ??!!! Jadi itu Mahasiswa dan Sipil dianggap Klepon apa Bijimana Pak ??!!! . .,negatif
2151,Trus msh bnyk yg bilang Indonesia baik2 aja &amp; yg gelap cm mukamu...mbokne ancok cangkemu!!!,negatif
2152,gak cuma Indonesia yang gelap F1 juga aksi protes ke sulayem ya,netral
2153,capek bgt hari ini gue baca berita kayak Gusti nu agung Indonesia beneran gelap bgt bgt bgt,negatif
2154,@txtdrjkt Bisa jadi pengalihan isu indonesia gelap kah???,negatif
2155,Indonesia gelap,negatif
2156,buka X mau cari bahan hiburan biar gak pusing eh malah tambah pusing liat berita isinya danantara pertamina indonesia gelap sukatani diintimidasi dll masih banyak yg lainnya.,negatif
